0; 1574.4622; 1836.9146; 2174.8977; 1697.9232
1; 1448.8778; 1681.4503; 2061.241; 1574.4622
2; 1402.592; 1579.827; 2020.685; 1448.8778
3; 1328.5101; 1511.1666; 1963.4738; 1402.592
4; 1219.344; 1430.6798; 1820.5913; 1328.5101
5; 1170.384; 1305.2853; 1890.0438; 1219.344
6; 1141.149; 1230.3169; 1577.5691; 1170.384
7; 1129.2509; 1187.0046; 1516.8331; 1141.149
8; 1069.6837; 1185.9785; 1593.8058; 1129.2509
9; 1019.5063; 1186.2378; 1624.2883; 1069.6837
10; 993.84717; 1096.0748; 1473.2959; 1019.5063
11; 985.80566; 1054.0829; 1447.558; 993.84717
12; 977.374; 1038.7529; 1417.7339; 985.80566
13; 963.0683; 1035.432; 1441.3468; 977.374
14; 954.6366; 1033.239; 1423.9679; 963.0683
15; 940.5188; 1017.05457; 1386.4304; 954.6366
16; 928.6234; 1044.457; 1510.75; 940.5188
17; 916.72473; 995.88654; 1425.4314; 928.6234
18; 896.2186; 994.5533; 1409.6783; 916.72473
19; 882.3612; 974.09454; 1390.4689; 896.2186
20; 878.2053; 948.69977; 1426.3801; 882.3612
21; 875.3297; 948.1642; 1428.7124; 878.2053
22; 874.9092; 942.57935; 1385.7485; 875.3297
23; 874.9091; 989.3973; 1522.429; 874.9092
24; 874.9091; 974.41925; 1470.1967; 874.9091
25; 874.9091; 933.7932; 1369.5505; 874.9091
26; 874.9091; 935.5995; 1325.396; 874.9091
27; 874.9091; 938.8046; 1369.5505; 874.9091
28; 874.9091; 937.1484; 1329.7708; 874.9091
29; 874.9091; 930.4662; 1347.4438; 874.9091
30; 874.9091; 925.6867; 1314.0413; 874.9091
31; 874.9091; 943.26807; 1369.5505; 874.9091
32; 874.9091; 929.0831; 1340.4724; 874.9091
33; 874.9091; 948.5558; 1369.8136; 874.9091
34; 874.9091; 932.1266; 1348.791; 874.9091
35; 874.9091; 945.99506; 1340.4724; 874.9091
36; 874.9091; 940.16876; 1388.5969; 874.9091
37; 866.2032; 943.13696; 1369.8136; 874.9091
38; 866.2032; 967.7549; 1435.8762; 866.2032
39; 866.2032; 916.206; 1359.9349; 866.2032
40; 866.2032; 924.3587; 1359.9349; 866.2032
41; 866.2032; 930.2231; 1383.2578; 866.2032
42; 866.2032; 932.9978; 1361.7915; 866.2032
43; 866.2032; 928.47186; 1361.7915; 866.2032
44; 866.2032; 932.69574; 1343.1909; 866.2032
45; 866.2032; 923.25507; 1341.4365; 866.2032
46; 866.2032; 941.0525; 1383.2578; 866.2032
47; 866.2032; 931.1736; 1359.9349; 866.2032
48; 866.2032; 929.55426; 1359.9349; 866.2032
49; 866.2032; 924.85944; 1383.2578; 866.2032
50; 866.2032; 920.6362; 1311.361; 866.2032
51; 866.2032; 930.384; 1359.9349; 866.2032
52; 866.2032; 924.0859; 1383.2578; 866.2032
53; 866.2032; 931.4479; 1352.04; 866.2032
54; 866.2032; 926.0324; 1341.4365; 866.2032
55; 866.2032; 918.5677; 1361.7915; 866.2032
56; 866.2032; 931.6325; 1383.2578; 866.2032
57; 866.2032; 928.52277; 1361.7915; 866.2032
58; 866.2032; 924.0505; 1352.04; 866.2032
59; 866.2032; 932.0639; 1361.7915; 866.2032
60; 866.2032; 933.5266; 1304.6189; 866.2032
61; 866.2032; 927.59735; 1361.7915; 866.2032
62; 866.2032; 934.19904; 1361.7915; 866.2032
63; 866.2032; 923.398; 1318.074; 866.2032
64; 866.2032; 927.8965; 1383.2578; 866.2032
65; 866.2032; 933.08154; 1359.9349; 866.2032
66; 866.2032; 925.60486; 1352.04; 866.2032
67; 866.2032; 926.5032; 1361.7915; 866.2032
68; 866.2032; 933.83606; 1383.2578; 866.2032
69; 866.2032; 926.1427; 1311.361; 866.2032
70; 866.2032; 929.7144; 1383.2578; 866.2032
71; 866.2032; 931.2055; 1383.2578; 866.2032
72; 866.2032; 930.71405; 1361.7915; 866.2032
73; 866.2032; 918.7387; 1343.1909; 866.2032
74; 866.2032; 920.67303; 1361.7915; 866.2032
75; 866.2032; 923.15424; 1341.4365; 866.2032
76; 866.2032; 929.05096; 1383.2578; 866.2032
77; 866.2032; 927.55444; 1383.2578; 866.2032
78; 866.2032; 933.228; 1343.1909; 866.2032
79; 866.2032; 913.996; 1267.3032; 866.2032
80; 866.2032; 924.8874; 1318.074; 866.2032
81; 866.2032; 927.9578; 1352.04; 866.2032
82; 866.2032; 930.3762; 1359.9349; 866.2032
83; 866.2032; 933.207; 1359.9349; 866.2032
84; 866.2032; 923.41736; 1302.4131; 866.2032
85; 866.2032; 920.7652; 1383.2578; 866.2032
86; 866.2032; 916.3935; 1352.04; 866.2032
87; 866.2032; 922.1174; 1361.7915; 866.2032
88; 866.2032; 922.1221; 1304.6189; 866.2032
89; 866.2032; 919.1186; 1343.1909; 866.2032
90; 866.2032; 934.87335; 1300.5841; 866.2032
91; 866.2032; 924.8452; 1383.2578; 866.2032
92; 866.2032; 924.15436; 1359.9349; 866.2032
93; 866.2032; 928.4169; 1341.4365; 866.2032
94; 866.2032; 921.9459; 1383.2578; 866.2032
95; 866.2032; 926.3579; 1359.9349; 866.2032
96; 866.2032; 928.3498; 1361.7915; 866.2032
97; 866.2032; 914.8056; 1341.4365; 866.2032
98; 866.2032; 933.6985; 1343.1909; 866.2032
99; 866.2032; 924.0036; 1383.2578; 866.2032
100; 866.2032; 928.2364; 1361.7915; 866.2032
101; 866.2032; 923.6694; 1383.2578; 866.2032
102; 866.2032; 940.63794; 1383.2578; 866.2032
103; 866.2032; 931.7363; 1314.7195; 866.2032
104; 866.2032; 926.472; 1383.2578; 866.2032
105; 866.2032; 930.018; 1343.1909; 866.2032
106; 866.2032; 922.18384; 1383.2578; 866.2032
107; 866.2032; 923.68365; 1383.2578; 866.2032
108; 866.2032; 937.8762; 1399.1797; 866.2032
109; 866.2032; 916.6957; 1318.074; 866.2032
110; 866.2032; 929.1141; 1341.4365; 866.2032
111; 866.2032; 923.2944; 1383.2578; 866.2032
112; 866.2032; 924.93164; 1383.2578; 866.2032
113; 866.2032; 931.02936; 1352.04; 866.2032
114; 866.2032; 944.0059; 1383.2578; 866.2032
115; 866.2032; 933.0544; 1343.1909; 866.2032
116; 866.2032; 933.49146; 1359.9349; 866.2032
117; 866.2032; 924.99915; 1314.7195; 866.2032
118; 866.2032; 929.2418; 1369.0518; 866.2032
119; 866.2032; 925.3189; 1361.7915; 866.2032
120; 866.2032; 923.82056; 1352.04; 866.2032
121; 866.2032; 913.38605; 1257.25; 866.2032
122; 866.2032; 926.23584; 1361.7915; 866.2032
123; 866.2032; 928.04834; 1359.9349; 866.2032
124; 866.2032; 923.875; 1341.4365; 866.2032
125; 866.2032; 936.8124; 1352.04; 866.2032
126; 866.2032; 925.4726; 1314.7195; 866.2032
127; 866.2032; 929.631; 1366.323; 866.2032
128; 866.2032; 914.39856; 1292.7438; 866.2032
129; 866.2032; 925.6002; 1300.889; 866.2032
130; 866.2032; 920.2194; 1352.04; 866.2032
131; 866.2032; 931.3716; 1361.7915; 866.2032
132; 866.2032; 919.4115; 1383.2578; 866.2032
133; 866.2032; 925.2559; 1383.2578; 866.2032
134; 866.2032; 922.3204; 1383.2578; 866.2032
135; 866.2032; 922.94666; 1361.7915; 866.2032
136; 866.2032; 925.8955; 1359.9349; 866.2032
137; 866.2032; 925.1; 1352.04; 866.2032
138; 866.2032; 933.0361; 1352.04; 866.2032
139; 866.2032; 922.7597; 1318.074; 866.2032
140; 866.2032; 922.68384; 1383.2578; 866.2032
141; 866.2032; 927.38556; 1352.04; 866.2032
142; 866.2032; 934.37164; 1314.7195; 866.2032
143; 866.2032; 928.9318; 1383.2578; 866.2032
144; 866.2032; 927.22156; 1341.4365; 866.2032
145; 866.2032; 927.33734; 1341.4365; 866.2032
146; 866.2032; 932.7484; 1343.1909; 866.2032
147; 866.2032; 928.5694; 1361.7915; 866.2032
148; 866.2032; 912.98193; 1359.9349; 866.2032
149; 866.2032; 928.45667; 1343.1909; 866.2032
150; 866.2032; 925.184; 1341.4365; 866.2032
151; 866.2032; 930.07794; 1383.2578; 866.2032
152; 866.2032; 923.6513; 1359.9349; 866.2032
153; 866.2032; 923.1103; 1361.7915; 866.2032
154; 866.2032; 930.02515; 1352.04; 866.2032
155; 866.2032; 919.28534; 1314.7195; 866.2032
156; 866.2032; 924.1546; 1359.9349; 866.2032
157; 866.2032; 939.3998; 1343.1909; 866.2032
158; 866.2032; 937.4134; 1383.2578; 866.2032
159; 866.2032; 916.48096; 1343.1909; 866.2032
160; 866.2032; 918.9135; 1318.074; 866.2032
161; 866.2032; 925.237; 1376.5338; 866.2032
162; 866.2032; 925.4296; 1352.04; 866.2032
163; 866.2032; 939.3289; 1343.1909; 866.2032
164; 866.2032; 932.5645; 1359.9349; 866.2032
165; 866.2032; 923.557; 1400.7373; 866.2032
166; 866.2032; 933.52325; 1361.7915; 866.2032
167; 866.2032; 924.0316; 1318.074; 866.2032
168; 866.2032; 930.6736; 1359.9349; 866.2032
169; 866.2032; 927.319; 1352.04; 866.2032
170; 866.2032; 928.2866; 1318.074; 866.2032
171; 866.2032; 930.4109; 1396.7996; 866.2032
172; 866.2032; 924.10364; 1383.2578; 866.2032
173; 866.2032; 930.68164; 1343.1909; 866.2032
174; 866.2032; 935.1063; 1361.7915; 866.2032
175; 866.2032; 936.9952; 1352.04; 866.2032
176; 866.2032; 924.92487; 1383.2578; 866.2032
177; 866.2032; 922.90967; 1341.4365; 866.2032
178; 866.2032; 928.2731; 1359.9349; 866.2032
179; 866.2032; 919.4825; 1383.2578; 866.2032
180; 866.2032; 926.32043; 1383.2578; 866.2032
181; 866.2032; 926.06055; 1341.4365; 866.2032
182; 866.2032; 918.83777; 1341.4365; 866.2032
183; 866.2032; 924.7716; 1383.2578; 866.2032
184; 866.2032; 925.35754; 1383.2578; 866.2032
185; 866.2032; 930.0882; 1398.5358; 866.2032
186; 866.2032; 924.84393; 1341.4365; 866.2032
187; 866.2032; 922.8175; 1311.361; 866.2032
188; 866.2032; 922.5094; 1383.2578; 866.2032
189; 866.2032; 921.20544; 1304.6189; 866.2032
190; 866.2032; 919.0876; 1341.4365; 866.2032
191; 866.2032; 923.8679; 1318.074; 866.2032
192; 866.2032; 924.84143; 1314.7195; 866.2032
193; 866.2032; 934.2248; 1352.04; 866.2032
194; 866.2032; 920.1115; 1311.361; 866.2032
195; 866.2032; 928.16833; 1383.2578; 866.2032
196; 866.2032; 923.6621; 1311.361; 866.2032
197; 866.2032; 929.24426; 1343.1909; 866.2032
198; 866.2032; 932.8116; 1361.7915; 866.2032
199; 866.2032; 929.017; 1359.9349; 866.2032
200; 866.2032; 927.8864; 1383.2578; 866.2032
201; 866.2032; 925.38544; 1361.7915; 866.2032
202; 866.2032; 935.6588; 1383.2578; 866.2032
203; 866.2032; 933.8145; 1383.2578; 866.2032
204; 866.2032; 929.3785; 1318.074; 866.2032
205; 866.2032; 925.30084; 1359.9349; 866.2032
206; 866.2032; 922.0755; 1361.7915; 866.2032
207; 866.2032; 935.1977; 1314.7195; 866.2032
208; 866.2032; 929.3337; 1383.2578; 866.2032
209; 866.2032; 930.7395; 1383.2578; 866.2032
210; 866.2032; 938.0738; 1352.04; 866.2032
211; 866.2032; 941.0815; 1359.9349; 866.2032
212; 866.2032; 931.8748; 1352.04; 866.2032
213; 866.2032; 928.1909; 1297.9508; 866.2032
214; 866.2032; 925.1028; 1383.2578; 866.2032
215; 866.2032; 925.18866; 1361.7915; 866.2032
216; 866.2032; 925.31537; 1300.889; 866.2032
217; 866.2032; 920.63727; 1359.9349; 866.2032
218; 866.2032; 935.6738; 1361.7915; 866.2032
219; 866.2032; 920.45276; 1341.4365; 866.2032
220; 866.2032; 928.3757; 1359.9349; 866.2032
221; 866.2032; 926.8192; 1383.2578; 866.2032
222; 866.2032; 928.5422; 1275.1333; 866.2032
223; 866.2032; 927.9072; 1311.361; 866.2032
224; 866.2032; 926.73285; 1359.9349; 866.2032
225; 866.2032; 935.93115; 1361.7915; 866.2032
226; 866.2032; 924.02435; 1302.4131; 866.2032
227; 866.2032; 928.72577; 1314.7195; 866.2032
228; 866.2032; 924.40076; 1352.04; 866.2032
229; 866.2032; 924.7743; 1341.4365; 866.2032
230; 866.2032; 939.3588; 1415.8787; 866.2032
231; 866.2032; 931.99255; 1355.4648; 866.2032
232; 866.2032; 925.6465; 1377.4146; 866.2032
233; 866.2032; 927.9086; 1361.7915; 866.2032
234; 866.2032; 929.3747; 1383.2578; 866.2032
235; 866.2032; 918.73016; 1352.04; 866.2032
236; 866.2032; 934.97534; 1314.7195; 866.2032
237; 866.2032; 923.2999; 1343.1909; 866.2032
238; 866.2032; 917.331; 1341.4365; 866.2032
239; 866.2032; 922.7839; 1343.1909; 866.2032
240; 866.2032; 917.88525; 1352.04; 866.2032
241; 866.2032; 927.2409; 1341.4365; 866.2032
242; 866.2032; 925.11774; 1359.9349; 866.2032
243; 866.2032; 923.65857; 1383.2578; 866.2032
244; 866.2032; 921.5112; 1352.04; 866.2032
245; 866.2032; 922.7027; 1314.7195; 866.2032
246; 866.2032; 929.0883; 1383.2578; 866.2032
247; 866.2032; 930.83374; 1361.7915; 866.2032
248; 866.2032; 920.3836; 1361.7915; 866.2032
249; 866.2032; 923.1818; 1383.2578; 866.2032
250; 866.2032; 927.2905; 1343.1909; 866.2032
251; 866.2032; 926.802; 1383.2578; 866.2032
252; 866.2032; 925.43835; 1383.2578; 866.2032
253; 866.2032; 920.8475; 1311.361; 866.2032
254; 866.2032; 928.51404; 1341.4365; 866.2032
255; 866.2032; 922.3644; 1343.1909; 866.2032
256; 866.2032; 927.6125; 1359.9349; 866.2032
257; 866.2032; 932.3155; 1359.9349; 866.2032
258; 866.2032; 929.7007; 1343.1909; 866.2032
259; 866.2032; 929.53143; 1383.2578; 866.2032
260; 866.2032; 930.47156; 1314.7195; 866.2032
261; 866.2032; 935.4613; 1341.4365; 866.2032
262; 866.2032; 915.73444; 1341.4365; 866.2032
263; 866.2032; 924.07983; 1332.199; 866.2032
264; 866.2032; 931.8933; 1343.1909; 866.2032
265; 866.2032; 929.70483; 1352.04; 866.2032
266; 866.2032; 919.9956; 1304.6189; 866.2032
267; 866.2032; 923.93506; 1377.4146; 866.2032
268; 866.2032; 915.2607; 1319.6904; 866.2032
269; 866.2032; 928.2183; 1341.4365; 866.2032
270; 866.2032; 934.38257; 1361.7915; 866.2032
271; 866.2032; 926.77167; 1343.1909; 866.2032
272; 866.2032; 933.8152; 1383.2578; 866.2032
273; 866.2032; 932.07227; 1383.2578; 866.2032
274; 866.2032; 925.45294; 1343.1909; 866.2032
275; 866.2032; 926.261; 1383.2578; 866.2032
276; 866.2032; 924.3271; 1361.7915; 866.2032
277; 866.2032; 931.5882; 1341.4365; 866.2032
278; 866.2032; 918.8031; 1359.9349; 866.2032
279; 866.2032; 920.33453; 1358.5896; 866.2032
280; 866.2032; 921.39966; 1341.4365; 866.2032
281; 866.2032; 939.7884; 1383.2578; 866.2032
282; 866.2032; 915.7113; 1300.5841; 866.2032
283; 866.2032; 918.7332; 1352.04; 866.2032
284; 866.2032; 925.73834; 1341.4365; 866.2032
285; 866.2032; 921.83685; 1311.361; 866.2032
286; 866.2032; 918.9445; 1352.04; 866.2032
287; 866.2032; 932.06335; 1403.4911; 866.2032
288; 866.2032; 925.8467; 1359.9349; 866.2032
289; 866.2032; 924.1018; 1361.7915; 866.2032
290; 866.2032; 934.60724; 1383.2578; 866.2032
291; 866.2032; 926.5351; 1318.074; 866.2032
292; 866.2032; 917.4904; 1383.2578; 866.2032
293; 866.2032; 917.91614; 1343.1909; 866.2032
294; 866.2032; 928.2826; 1379.271; 866.2032
295; 866.2032; 927.24664; 1318.074; 866.2032
296; 866.2032; 916.66266; 1318.074; 866.2032
297; 866.2032; 921.91724; 1341.4365; 866.2032
298; 866.2032; 932.9475; 1383.2578; 866.2032
299; 866.2032; 913.8629; 1359.9349; 866.2032
300; 866.2032; 925.4483; 1359.9349; 866.2032
301; 866.2032; 920.6213; 1377.4146; 866.2032
302; 866.2032; 916.7652; 1358.5896; 866.2032
303; 866.2032; 932.26373; 1359.9349; 866.2032
304; 866.2032; 925.4049; 1352.04; 866.2032
305; 866.2032; 920.70636; 1330.8779; 866.2032
306; 866.2032; 926.3779; 1377.4146; 866.2032
307; 866.2032; 923.98987; 1341.4365; 866.2032
308; 866.2032; 922.7571; 1319.4828; 866.2032
309; 866.2032; 933.1411; 1359.9349; 866.2032
310; 866.2032; 929.2045; 1383.2578; 866.2032
311; 866.2032; 930.79236; 1366.0099; 866.2032
312; 866.2032; 928.06714; 1335.5535; 866.2032
313; 866.2032; 920.5946; 1341.4365; 866.2032
314; 866.2032; 939.181; 1383.2578; 866.2032
315; 866.2032; 930.6312; 1359.9349; 866.2032
316; 866.2032; 925.55695; 1361.7915; 866.2032
317; 866.2032; 930.4517; 1361.7915; 866.2032
318; 866.2032; 915.7782; 1383.2578; 866.2032
319; 866.2032; 924.1285; 1318.074; 866.2032
320; 866.2032; 928.3683; 1383.2578; 866.2032
321; 866.2032; 918.5525; 1379.271; 866.2032
322; 866.2032; 922.1407; 1343.1909; 866.2032
323; 866.2032; 925.8649; 1359.9349; 866.2032
324; 866.2032; 917.17834; 1369.5195; 866.2032
325; 866.2032; 920.82806; 1379.271; 866.2032
326; 866.2032; 920.868; 1383.2578; 866.2032
327; 866.2032; 933.3528; 1361.7915; 866.2032
328; 866.2032; 933.2441; 1361.7915; 866.2032
329; 866.2032; 927.9527; 1352.04; 866.2032
330; 866.2032; 926.742; 1341.4365; 866.2032
331; 866.2032; 923.67505; 1427.323; 866.2032
332; 866.2032; 924.4006; 1335.5535; 866.2032
333; 866.2032; 929.7443; 1383.2578; 866.2032
334; 866.2032; 917.26807; 1400.7373; 866.2032
335; 866.2032; 927.3791; 1383.2578; 866.2032
336; 866.2032; 924.5825; 1369.5195; 866.2032
337; 866.2032; 928.5635; 1361.7915; 866.2032
338; 866.2032; 922.8021; 1361.7915; 866.2032
339; 866.2032; 921.0338; 1361.7915; 866.2032
340; 866.2032; 928.28876; 1383.2578; 866.2032
341; 866.2032; 926.81696; 1423.4938; 866.2032
342; 866.2032; 921.9037; 1352.04; 866.2032
343; 866.2032; 919.1806; 1361.7915; 866.2032
344; 866.2032; 923.6254; 1359.9349; 866.2032
345; 866.2032; 923.4565; 1383.2578; 866.2032
346; 866.2032; 926.3106; 1358.5896; 866.2032
347; 866.2032; 924.24243; 1314.7195; 866.2032
348; 866.2032; 911.20105; 1300.5841; 866.2032
349; 866.2032; 926.78125; 1311.361; 866.2032
350; 866.2032; 930.3525; 1352.04; 866.2032
351; 866.2032; 930.99164; 1352.04; 866.2032
352; 866.2032; 922.5321; 1383.2578; 866.2032
353; 866.2032; 922.7162; 1292.7438; 866.2032
354; 866.2032; 925.79486; 1318.074; 866.2032
355; 866.2032; 917.7869; 1352.04; 866.2032
356; 866.2032; 922.90735; 1343.1909; 866.2032
357; 866.2032; 925.85626; 1359.9349; 866.2032
358; 866.2032; 918.38715; 1314.7195; 866.2032
359; 866.2032; 922.41034; 1383.2578; 866.2032
360; 866.2032; 922.03107; 1314.7195; 866.2032
361; 866.2032; 922.87634; 1361.7915; 866.2032
362; 866.2032; 926.07245; 1383.2578; 866.2032
363; 866.2032; 929.6664; 1272.8068; 866.2032
364; 866.2032; 929.30225; 1361.7915; 866.2032
365; 866.2032; 922.79254; 1359.9349; 866.2032
366; 866.2032; 929.9177; 1318.074; 866.2032
367; 866.2032; 929.22363; 1400.7373; 866.2032
368; 866.2032; 922.80927; 1383.2578; 866.2032
369; 866.2032; 929.8463; 1383.2578; 866.2032
370; 866.2032; 928.5857; 1359.9349; 866.2032
371; 866.2032; 918.6711; 1347.8396; 866.2032
372; 866.2032; 925.7686; 1383.2578; 866.2032
373; 866.2032; 927.7272; 1383.2578; 866.2032
374; 866.2032; 916.6508; 1347.8396; 866.2032
375; 866.2032; 923.0254; 1352.04; 866.2032
376; 866.2032; 922.79266; 1311.3159; 866.2032
377; 866.2032; 923.27655; 1343.1909; 866.2032
378; 866.2032; 934.9014; 1400.7373; 866.2032
379; 866.2032; 923.73846; 1347.8396; 866.2032
380; 866.2032; 921.6227; 1352.04; 866.2032
381; 866.2032; 928.3121; 1361.7915; 866.2032
382; 866.2032; 924.7095; 1369.5195; 866.2032
383; 866.2032; 922.7549; 1383.2578; 866.2032
384; 866.2032; 933.37256; 1343.1909; 866.2032
385; 866.2032; 923.90314; 1347.8396; 866.2032
386; 866.2032; 925.8542; 1341.4365; 866.2032
387; 866.2032; 931.2081; 1379.271; 866.2032
388; 866.2032; 927.02045; 1377.4146; 866.2032
389; 866.2032; 926.6963; 1359.9349; 866.2032
390; 866.2032; 926.36096; 1361.7915; 866.2032
391; 866.2032; 931.11224; 1400.7373; 866.2032
392; 866.2032; 928.37445; 1431.0983; 866.2032
393; 866.2032; 925.13776; 1361.7915; 866.2032
394; 866.2032; 934.7056; 1383.2578; 866.2032
395; 866.2032; 928.6075; 1360.3992; 866.2032
396; 866.2032; 925.99304; 1352.04; 866.2032
397; 866.2032; 933.9497; 1361.7915; 866.2032
398; 866.2032; 940.6488; 1383.2578; 866.2032
399; 866.2032; 932.92737; 1361.7915; 866.2032
400; 866.2032; 932.67755; 1400.7373; 866.2032
401; 866.2032; 922.4923; 1352.04; 866.2032
402; 866.2032; 924.34424; 1359.9349; 866.2032
403; 866.2032; 924.0503; 1383.2578; 866.2032
404; 866.2032; 925.40393; 1359.9349; 866.2032
405; 866.2032; 924.2791; 1390.1697; 866.2032
406; 866.2032; 931.97626; 1359.9349; 866.2032
407; 866.2032; 926.2622; 1352.04; 866.2032
408; 866.2032; 931.4048; 1314.0312; 866.2032
409; 866.2032; 928.81256; 1359.9349; 866.2032
410; 866.2032; 921.7801; 1359.9349; 866.2032
411; 866.2032; 927.2207; 1379.271; 866.2032
412; 866.2032; 924.20575; 1383.2578; 866.2032
413; 866.2032; 935.57; 1383.2578; 866.2032
414; 866.2032; 922.2366; 1383.2578; 866.2032
415; 866.2032; 931.02954; 1383.2578; 866.2032
416; 866.2032; 919.6931; 1383.2578; 866.2032
417; 866.2032; 929.36237; 1359.9349; 866.2032
418; 866.2032; 932.8493; 1352.04; 866.2032
419; 866.2032; 927.32623; 1361.7915; 866.2032
420; 866.2032; 923.1529; 1361.7915; 866.2032
421; 866.2032; 927.4089; 1383.2578; 866.2032
422; 866.2032; 928.0922; 1343.1909; 866.2032
423; 866.2032; 931.5235; 1352.04; 866.2032
424; 866.2032; 920.5435; 1361.7915; 866.2032
425; 866.2032; 930.0099; 1361.7915; 866.2032
426; 866.2032; 931.33856; 1352.04; 866.2032
427; 866.2032; 928.6558; 1379.271; 866.2032
428; 866.2032; 927.0255; 1319.4828; 866.2032
429; 866.2032; 919.1982; 1379.271; 866.2032
430; 866.2032; 939.1477; 1361.7915; 866.2032
431; 866.2032; 921.51074; 1361.7915; 866.2032
432; 866.2032; 930.61224; 1400.7373; 866.2032
433; 866.2032; 928.891; 1421.4453; 866.2032
434; 866.2032; 923.54675; 1377.4146; 866.2032
435; 866.2032; 925.47577; 1332.199; 866.2032
436; 866.2032; 927.60706; 1359.9349; 866.2032
437; 866.2032; 924.0903; 1314.7195; 866.2032
438; 866.2032; 926.6799; 1400.7373; 866.2032
439; 866.2032; 926.1737; 1282.7877; 866.2032
440; 866.2032; 931.8301; 1358.5896; 866.2032
441; 866.2032; 932.1091; 1335.5535; 866.2032
442; 859.7905; 932.50574; 1335.5535; 866.2032
443; 859.7905; 977.1834; 1391.8911; 859.7905
444; 859.7905; 930.622; 1360.4902; 859.7905
445; 846.32635; 915.614; 1372.722; 859.7905
446; 846.32635; 980.47186; 1585.8887; 846.32635
447; 846.32635; 906.21796; 1369.4509; 846.32635
448; 846.32635; 908.84076; 1395.4053; 846.32635
449; 846.32635; 912.86096; 1365.3784; 846.32635
450; 846.32635; 904.49164; 1350.3024; 846.32635
451; 844.9182; 904.208; 1365.3784; 846.32635
452; 844.9182; 913.68567; 1374.4009; 844.9182
453; 844.9182; 911.0692; 1393.9972; 844.9182
454; 844.9182; 913.9059; 1393.9972; 844.9182
455; 844.91815; 903.9188; 1328.9545; 844.9182
456; 844.91815; 914.3065; 1344.1343; 844.91815
457; 844.91815; 908.5787; 1354.8029; 844.91815
458; 844.91815; 904.6596; 1335.6086; 844.91815
459; 844.91815; 909.2202; 1354.8029; 844.91815
460; 844.91815; 914.54553; 1372.1375; 844.91815
461; 844.91815; 912.8379; 1372.1375; 844.91815
462; 844.91815; 910.7762; 1372.1375; 844.91815
463; 844.91815; 916.84033; 1354.8029; 844.91815
464; 844.91815; 912.3554; 1372.1375; 844.91815
465; 844.91815; 905.2357; 1356.981; 844.91815
466; 844.91815; 891.9098; 1354.8029; 844.91815
467; 844.91815; 911.00354; 1356.981; 844.91815
468; 844.91815; 912.48737; 1356.981; 844.91815
469; 844.91815; 909.2484; 1334.3828; 844.91815
470; 844.91815; 905.14124; 1354.8029; 844.91815
471; 844.91815; 910.35187; 1372.1375; 844.91815
472; 844.91815; 909.9664; 1349.1045; 844.91815
473; 844.91815; 902.7203; 1338.1561; 844.91815
474; 844.91815; 909.2171; 1372.1375; 844.91815
475; 844.91815; 910.6859; 1334.3828; 844.91815
476; 844.91815; 905.0418; 1356.981; 844.91815
477; 844.91815; 908.9591; 1356.981; 844.91815
478; 844.91815; 914.43024; 1356.981; 844.91815
479; 844.91815; 905.76227; 1334.3828; 844.91815
480; 844.91815; 901.8473; 1297.7538; 844.91815
481; 844.91815; 901.0032; 1354.8029; 844.91815
482; 844.91815; 902.9336; 1338.1561; 844.91815
483; 844.91815; 901.8405; 1334.3828; 844.91815
484; 844.91815; 891.76056; 1292.3022; 844.91815
485; 844.91815; 904.5491; 1354.8029; 844.91815
486; 844.91815; 911.70795; 1356.981; 844.91815
487; 844.91815; 913.76483; 1356.981; 844.91815
488; 844.91815; 910.15857; 1356.981; 844.91815
489; 844.91815; 919.49225; 1334.3828; 844.91815
490; 844.91815; 903.71466; 1335.6086; 844.91815
491; 844.91815; 909.2096; 1372.1375; 844.91815
492; 844.91815; 908.5686; 1372.1375; 844.91815
493; 844.91815; 907.04333; 1335.6086; 844.91815
494; 844.91815; 911.80804; 1308.4069; 844.91815
495; 844.91815; 913.7917; 1356.981; 844.91815
496; 844.91815; 918.03534; 1356.981; 844.91815
497; 844.91815; 905.24866; 1372.1375; 844.91815
498; 844.91815; 916.4676; 1308.4069; 844.91815
499; 844.91815; 913.1134; 1372.1375; 844.91815
500; 844.91815; 906.22424; 1356.981; 844.91815
501; 844.91815; 913.5954; 1338.1561; 844.91815
502; 844.91815; 907.25287; 1335.6086; 844.91815
503; 844.91815; 901.12366; 1335.6086; 844.91815
504; 844.91815; 909.86346; 1334.3828; 844.91815
505; 844.91815; 909.4361; 1354.8029; 844.91815
506; 844.91815; 907.2465; 1338.1561; 844.91815
507; 844.91815; 902.2687; 1344.1343; 844.91815
508; 844.91815; 911.67755; 1354.8029; 844.91815
509; 844.91815; 911.63617; 1356.981; 844.91815
510; 844.91815; 912.89185; 1356.981; 844.91815
511; 844.91815; 905.45764; 1334.3828; 844.91815
512; 844.91815; 905.9291; 1354.8029; 844.91815
513; 844.91815; 911.11127; 1356.981; 844.91815
514; 844.91815; 913.9454; 1344.1343; 844.91815
515; 844.91815; 908.0026; 1308.4069; 844.91815
516; 844.91815; 907.4896; 1338.1561; 844.91815
517; 844.91815; 908.73474; 1356.981; 844.91815
518; 844.91815; 906.1131; 1338.1561; 844.91815
519; 844.91815; 906.8489; 1372.1375; 844.91815
520; 844.91815; 906.0444; 1372.1375; 844.91815
521; 844.91815; 910.00745; 1372.1375; 844.91815
522; 844.91815; 920.2082; 1372.1375; 844.91815
523; 844.91815; 904.10284; 1338.1561; 844.91815
524; 844.91815; 900.7378; 1338.1561; 844.91815
525; 844.91815; 905.7541; 1356.981; 844.91815
526; 844.91815; 910.6141; 1356.981; 844.91815
527; 844.91815; 898.494; 1290.7775; 844.91815
528; 844.91815; 903.86554; 1334.3828; 844.91815
529; 844.91815; 906.04016; 1344.1343; 844.91815
530; 844.91815; 910.5345; 1372.1375; 844.91815
531; 844.91815; 906.52167; 1334.3828; 844.91815
532; 844.91815; 912.9338; 1354.0076; 844.91815
533; 844.91815; 896.3491; 1344.1343; 844.91815
534; 844.91815; 904.25494; 1356.981; 844.91815
535; 844.91815; 918.9661; 1354.8029; 844.91815
536; 844.91815; 909.96655; 1354.8029; 844.91815
537; 844.91815; 906.69006; 1308.4069; 844.91815
538; 844.91815; 917.47797; 1356.981; 844.91815
539; 844.91815; 906.60596; 1339.5015; 844.91815
540; 844.91815; 899.9746; 1372.1375; 844.91815
541; 844.91815; 906.359; 1356.981; 844.91815
542; 844.91815; 906.92926; 1354.8029; 844.91815
543; 844.91815; 903.2893; 1290.7775; 844.91815
544; 844.91815; 914.03235; 1372.1375; 844.91815
545; 844.91815; 905.46625; 1372.1375; 844.91815
546; 844.91815; 902.00806; 1356.981; 844.91815
547; 844.91815; 915.6815; 1323.1018; 844.91815
548; 844.91815; 904.7172; 1356.981; 844.91815
549; 844.91815; 911.00397; 1356.981; 844.91815
550; 844.91815; 915.31213; 1354.8029; 844.91815
551; 844.91815; 903.5539; 1338.1561; 844.91815
552; 844.91815; 906.44965; 1372.1375; 844.91815
553; 844.91815; 916.35297; 1356.981; 844.91815
554; 844.91815; 910.37506; 1372.1375; 844.91815
555; 844.91815; 910.32666; 1372.1375; 844.91815
556; 844.91815; 908.92444; 1356.981; 844.91815
557; 844.91815; 900.50415; 1356.981; 844.91815
558; 844.91815; 908.095; 1354.8029; 844.91815
559; 844.91815; 904.6065; 1372.1375; 844.91815
560; 844.91815; 908.6402; 1335.6086; 844.91815
561; 844.91815; 911.49084; 1344.1343; 844.91815
562; 844.91815; 911.14325; 1354.8029; 844.91815
563; 844.91815; 907.93036; 1290.8824; 844.91815
564; 844.91815; 906.2614; 1373.9387; 844.91815
565; 844.91815; 908.93414; 1335.6086; 844.91815
566; 844.91815; 907.38806; 1356.981; 844.91815
567; 844.91815; 902.696; 1338.1561; 844.91815
568; 844.91815; 907.7501; 1372.1375; 844.91815
569; 844.91815; 914.1841; 1372.1375; 844.91815
570; 844.91815; 905.8722; 1372.1375; 844.91815
571; 844.91815; 906.4978; 1372.1375; 844.91815
572; 844.91815; 907.76855; 1344.1343; 844.91815
573; 844.91815; 916.1098; 1372.1375; 844.91815
574; 844.91815; 905.3646; 1372.1375; 844.91815
575; 844.91815; 897.63446; 1338.1561; 844.91815
576; 844.91815; 906.4361; 1289.619; 844.91815
577; 844.91815; 909.6274; 1372.1375; 844.91815
578; 844.91815; 919.52264; 1344.1343; 844.91815
579; 844.91815; 913.4305; 1290.8824; 844.91815
580; 844.91815; 915.90424; 1338.1561; 844.91815
581; 844.91815; 904.7541; 1372.1375; 844.91815
582; 844.91815; 917.77203; 1356.981; 844.91815
583; 844.91815; 901.04193; 1372.1375; 844.91815
584; 844.91815; 900.99506; 1338.1561; 844.91815
585; 844.91815; 911.3564; 1354.8029; 844.91815
586; 844.91815; 906.9759; 1334.3828; 844.91815
587; 844.91815; 897.17914; 1297.7538; 844.91815
588; 844.91815; 910.7171; 1344.1343; 844.91815
589; 844.91815; 910.1534; 1338.1561; 844.91815
590; 844.91815; 897.0328; 1344.1343; 844.91815
591; 844.91815; 909.38074; 1354.8029; 844.91815
592; 844.91815; 902.2211; 1344.1343; 844.91815
593; 844.91815; 912.80524; 1372.1375; 844.91815
594; 844.91815; 901.607; 1338.1561; 844.91815
595; 844.91815; 916.89575; 1356.981; 844.91815
596; 844.91815; 901.1665; 1372.1375; 844.91815
597; 844.91815; 910.31354; 1356.981; 844.91815
598; 844.91815; 903.31146; 1356.981; 844.91815
599; 844.91815; 905.0316; 1354.8029; 844.91815
600; 844.91815; 909.2989; 1354.8029; 844.91815
601; 844.91815; 905.0428; 1297.7538; 844.91815
602; 844.91815; 893.99554; 1356.981; 844.91815
603; 844.91815; 902.1835; 1334.3828; 844.91815
604; 844.91815; 903.9909; 1344.1343; 844.91815
605; 844.91815; 913.8035; 1356.981; 844.91815
606; 844.91815; 910.83105; 1372.1375; 844.91815
607; 844.91815; 914.8617; 1344.1343; 844.91815
608; 844.91815; 905.8284; 1356.981; 844.91815
609; 844.91815; 912.72076; 1344.1343; 844.91815
610; 844.91815; 910.3478; 1344.1343; 844.91815
611; 844.91815; 906.02124; 1322.7574; 844.91815
612; 844.91815; 906.8433; 1339.5015; 844.91815
613; 844.91815; 918.20215; 1372.1375; 844.91815
614; 844.91815; 906.2758; 1297.7538; 844.91815
615; 844.91815; 899.44055; 1334.3828; 844.91815
616; 844.91815; 915.1355; 1372.1375; 844.91815
617; 844.91815; 912.519; 1334.3828; 844.91815
618; 844.91815; 901.38696; 1308.4069; 844.91815
619; 844.91815; 905.101; 1344.1343; 844.91815
620; 844.91815; 908.645; 1338.1561; 844.91815
621; 844.91815; 902.3543; 1335.6086; 844.91815
622; 844.91815; 901.49023; 1322.7574; 844.91815
623; 844.91815; 908.4285; 1337.3234; 844.91815
624; 844.91815; 908.4675; 1297.7538; 844.91815
625; 844.91815; 907.41284; 1356.981; 844.91815
626; 844.91815; 901.4961; 1338.1561; 844.91815
627; 844.91815; 897.08636; 1323.1018; 844.91815
628; 844.91815; 910.4812; 1356.981; 844.91815
629; 844.91815; 905.11707; 1354.8029; 844.91815
630; 844.91815; 912.03894; 1356.981; 844.91815
631; 844.91815; 908.7644; 1316.9033; 844.91815
632; 844.91815; 906.14777; 1354.8029; 844.91815
633; 844.91815; 905.1048; 1344.1343; 844.91815
634; 844.91815; 911.4301; 1339.5359; 844.91815
635; 844.91815; 906.23254; 1338.1561; 844.91815
636; 844.91815; 898.69916; 1394.9663; 844.91815
637; 844.91815; 914.11523; 1372.1375; 844.91815
638; 844.91815; 902.92255; 1357.6659; 844.91815
639; 844.91815; 905.77686; 1322.7574; 844.91815
640; 844.91815; 907.2288; 1356.981; 844.91815
641; 844.91815; 908.678; 1356.981; 844.91815
642; 844.91815; 916.2002; 1323.1018; 844.91815
643; 844.91815; 915.2868; 1356.981; 844.91815
644; 844.91815; 915.69385; 1356.981; 844.91815
645; 844.91815; 916.74994; 1354.0076; 844.91815
646; 844.91815; 914.02893; 1338.1561; 844.91815
647; 844.91815; 900.9266; 1316.9033; 844.91815
648; 844.91815; 910.4213; 1372.1375; 844.91815
649; 844.91815; 912.6201; 1321.003; 844.91815
650; 844.91815; 911.49225; 1344.1343; 844.91815
651; 844.91815; 902.54535; 1354.8029; 844.91815
652; 844.91815; 912.68494; 1356.981; 844.91815
653; 844.91815; 902.32477; 1290.8824; 844.91815
654; 844.91815; 904.2272; 1290.7775; 844.91815
655; 844.91815; 906.6903; 1339.5015; 844.91815
656; 844.91815; 914.12885; 1354.0076; 844.91815
657; 844.91815; 906.8971; 1354.0076; 844.91815
658; 844.91815; 904.8524; 1322.7574; 844.91815
659; 844.91815; 901.3412; 1339.5015; 844.91815
660; 844.91815; 903.38995; 1337.3234; 844.91815
661; 844.91815; 907.0491; 1372.1375; 844.91815
662; 844.91815; 903.8069; 1308.4069; 844.91815
663; 844.91815; 911.33496; 1334.3828; 844.91815
664; 844.91815; 903.0886; 1344.1343; 844.91815
665; 844.91815; 902.16016; 1356.981; 844.91815
666; 844.91815; 902.9363; 1297.7538; 844.91815
667; 844.91815; 914.3837; 1372.1375; 844.91815
668; 844.91815; 904.7461; 1338.1561; 844.91815
669; 844.91815; 905.4043; 1335.6086; 844.91815
670; 844.91815; 901.1708; 1356.981; 844.91815
671; 844.91815; 903.3256; 1292.3022; 844.91815
672; 844.91815; 904.1108; 1335.6086; 844.91815
673; 844.91815; 905.91956; 1354.8029; 844.91815
674; 844.91815; 904.9948; 1372.1375; 844.91815
675; 844.91815; 903.59845; 1338.1561; 844.91815
676; 844.91815; 899.9581; 1354.0076; 844.91815
677; 844.91815; 909.63873; 1354.8029; 844.91815
678; 844.91815; 908.77167; 1290.7775; 844.91815
679; 844.91815; 915.27075; 1335.6086; 844.91815
680; 844.91815; 909.9532; 1372.1375; 844.91815
681; 844.91815; 914.6611; 1356.981; 844.91815
682; 844.91815; 912.81995; 1356.981; 844.91815
683; 844.91815; 905.1628; 1372.1375; 844.91815
684; 844.91815; 898.7046; 1282.8899; 844.91815
685; 844.91815; 906.5928; 1335.6086; 844.91815
686; 844.91815; 908.88525; 1338.1561; 844.91815
687; 844.91815; 907.2804; 1372.1375; 844.91815
688; 844.91815; 915.4336; 1338.1561; 844.91815
689; 844.91815; 908.20233; 1326.6548; 844.91815
690; 844.91815; 900.0515; 1322.7574; 844.91815
691; 844.91815; 903.1906; 1356.981; 844.91815
692; 844.91815; 910.9526; 1356.981; 844.91815
693; 844.91815; 894.24896; 1259.8472; 844.91815
694; 844.91815; 906.62384; 1289.619; 844.91815
695; 844.91815; 915.01697; 1284.3982; 844.91815
696; 844.91815; 901.1582; 1354.8029; 844.91815
697; 844.91815; 905.94946; 1338.1561; 844.91815
698; 844.91815; 914.7219; 1372.1375; 844.91815
699; 844.91815; 903.3184; 1290.7775; 844.91815
700; 844.91815; 905.91425; 1338.1561; 844.91815
701; 844.91815; 903.84766; 1372.1375; 844.91815
702; 844.91815; 897.2685; 1334.3828; 844.91815
703; 844.91815; 905.58905; 1356.981; 844.91815
704; 844.91815; 900.0186; 1335.6086; 844.91815
705; 844.91815; 910.9041; 1372.1375; 844.91815
706; 844.91815; 907.976; 1344.1343; 844.91815
707; 844.91815; 908.5884; 1344.1343; 844.91815
708; 844.91815; 904.05707; 1335.6086; 844.91815
709; 844.91815; 908.05817; 1338.1561; 844.91815
710; 844.91815; 917.7582; 1344.1343; 844.91815
711; 844.91815; 901.61145; 1372.1375; 844.91815
712; 844.91815; 915.9407; 1372.1375; 844.91815
713; 844.91815; 908.3113; 1308.4069; 844.91815
714; 844.91815; 902.07947; 1372.1375; 844.91815
715; 844.91815; 906.3826; 1372.1375; 844.91815
716; 844.91815; 903.9283; 1354.8029; 844.91815
717; 844.91815; 905.3794; 1338.1561; 844.91815
718; 844.91815; 908.7356; 1372.1375; 844.91815
719; 844.91815; 908.4541; 1289.619; 844.91815
720; 844.91815; 901.90283; 1334.3828; 844.91815
721; 844.91815; 911.68665; 1354.8029; 844.91815
722; 844.91815; 909.69556; 1356.981; 844.91815
723; 844.91815; 912.8381; 1335.6086; 844.91815
724; 844.91815; 901.3921; 1354.8029; 844.91815
725; 844.91815; 899.78485; 1334.3828; 844.91815
726; 844.91815; 904.8604; 1356.981; 844.91815
727; 844.91815; 904.0205; 1372.1375; 844.91815
728; 844.91815; 917.24475; 1354.8029; 844.91815
729; 844.91815; 905.86334; 1356.981; 844.91815
730; 844.91815; 912.83136; 1372.1375; 844.91815
731; 844.91815; 900.97375; 1335.6086; 844.91815
732; 844.91815; 907.6487; 1372.1375; 844.91815
733; 844.91815; 893.9192; 1338.1561; 844.91815
734; 844.91815; 912.5899; 1344.1343; 844.91815
735; 844.91815; 907.6423; 1344.1343; 844.91815
736; 844.91815; 904.4965; 1354.8029; 844.91815
737; 844.91815; 909.3297; 1344.1343; 844.91815
738; 844.91815; 910.21716; 1372.1375; 844.91815
739; 844.91815; 906.1457; 1356.981; 844.91815
740; 844.91815; 912.75323; 1354.8029; 844.91815
741; 844.91815; 910.38776; 1372.1375; 844.91815
742; 844.91815; 910.90454; 1289.619; 844.91815
743; 844.91815; 900.9625; 1356.981; 844.91815
744; 844.91815; 907.1278; 1356.981; 844.91815
745; 844.91815; 912.3263; 1338.1561; 844.91815
746; 844.91815; 905.80225; 1354.8029; 844.91815
747; 844.91815; 901.57416; 1356.981; 844.91815
748; 844.91815; 907.1034; 1372.1375; 844.91815
749; 844.91815; 916.32874; 1356.981; 844.91815
750; 844.91815; 904.1536; 1372.1375; 844.91815
751; 844.91815; 910.63416; 1354.8029; 844.91815
752; 844.91815; 911.8923; 1344.1343; 844.91815
753; 844.91815; 912.72955; 1338.1561; 844.91815
754; 844.91815; 902.5031; 1297.7538; 844.91815
755; 844.91815; 912.9674; 1344.1343; 844.91815
756; 844.91815; 895.1335; 1354.8029; 844.91815
757; 844.91815; 910.4069; 1354.8029; 844.91815
758; 844.91815; 911.0919; 1338.1561; 844.91815
759; 844.91815; 914.4063; 1372.1375; 844.91815
760; 844.91815; 912.7863; 1372.1375; 844.91815
761; 844.91815; 895.3128; 1354.8029; 844.91815
762; 844.91815; 904.09344; 1354.8029; 844.91815
763; 844.91815; 909.8769; 1337.3234; 844.91815
764; 844.91815; 920.3176; 1372.1375; 844.91815
765; 844.91815; 904.60956; 1354.8029; 844.91815
766; 844.91815; 917.8834; 1356.981; 844.91815
767; 844.91815; 897.6639; 1372.1375; 844.91815
768; 844.91815; 904.92426; 1297.7538; 844.91815
769; 844.91815; 902.4354; 1356.981; 844.91815
770; 844.91815; 913.6879; 1365.685; 844.91815
771; 844.91815; 918.1193; 1344.1343; 844.91815
772; 844.91815; 910.85254; 1356.981; 844.91815
773; 844.91815; 912.47754; 1372.1375; 844.91815
774; 844.91815; 909.2469; 1356.981; 844.91815
775; 844.91815; 900.7713; 1372.1375; 844.91815
776; 844.91815; 907.3772; 1372.1375; 844.91815
777; 844.91815; 909.072; 1286.2645; 844.91815
778; 844.91815; 915.6448; 1335.6086; 844.91815
779; 844.91815; 901.33124; 1354.8029; 844.91815
780; 844.91815; 905.9121; 1354.8029; 844.91815
781; 844.91815; 908.1937; 1327.4061; 844.91815
782; 844.91815; 908.4013; 1344.1343; 844.91815
783; 844.91815; 919.1937; 1372.1375; 844.91815
784; 844.91815; 901.1923; 1372.1375; 844.91815
785; 844.91815; 909.27075; 1354.8029; 844.91815
786; 844.91815; 908.1093; 1334.3828; 844.91815
787; 844.91815; 899.55884; 1290.9274; 844.91815
788; 844.91815; 901.06744; 1372.1375; 844.91815
789; 844.91815; 906.8387; 1327.4061; 844.91815
790; 844.91815; 898.14374; 1337.3234; 844.91815
791; 844.91815; 907.4167; 1344.1343; 844.91815
792; 844.91815; 914.7097; 1344.1343; 844.91815
793; 844.91815; 914.42084; 1326.6548; 844.91815
794; 844.91815; 915.49695; 1356.981; 844.91815
795; 844.91815; 911.6984; 1334.3828; 844.91815
796; 844.91815; 909.4379; 1356.981; 844.91815
797; 844.91815; 912.80536; 1356.981; 844.91815
798; 844.91815; 904.7131; 1356.981; 844.91815
799; 844.91815; 916.1813; 1339.5015; 844.91815
800; 844.91815; 915.10645; 1344.1343; 844.91815
801; 844.91815; 907.20447; 1372.1375; 844.91815
802; 844.91815; 899.3516; 1259.8472; 844.91815
803; 844.91815; 906.1917; 1308.4069; 844.91815
804; 844.91815; 911.47943; 1372.1375; 844.91815
805; 844.91815; 895.04364; 1356.981; 844.91815
806; 844.91815; 905.6168; 1316.9033; 844.91815
807; 844.91815; 903.2211; 1372.1375; 844.91815
808; 844.91815; 908.71924; 1316.9033; 844.91815
809; 844.91815; 907.99457; 1372.1375; 844.91815
810; 844.91815; 907.5626; 1338.1561; 844.91815
811; 844.91815; 903.6274; 1344.1343; 844.91815
812; 844.91815; 909.9224; 1354.8029; 844.91815
813; 844.91815; 911.87897; 1354.0076; 844.91815
814; 844.91815; 908.5035; 1338.1561; 844.91815
815; 844.91815; 901.41113; 1335.6086; 844.91815
816; 844.91815; 909.19763; 1337.3234; 844.91815
817; 844.91815; 906.23126; 1354.8029; 844.91815
818; 844.91815; 914.27405; 1344.1343; 844.91815
819; 844.91815; 907.0368; 1356.981; 844.91815
820; 844.91815; 905.47095; 1292.3022; 844.91815
821; 844.91815; 904.9762; 1372.1375; 844.91815
822; 844.91815; 908.5513; 1338.1561; 844.91815
823; 844.91815; 908.2414; 1335.6086; 844.91815
824; 844.91815; 904.7763; 1356.981; 844.91815
825; 844.91815; 906.9031; 1334.3828; 844.91815
826; 844.91815; 909.2259; 1334.3828; 844.91815
827; 844.91815; 910.3544; 1297.7538; 844.91815
828; 844.91815; 916.1789; 1354.0076; 844.91815
829; 844.91815; 905.9213; 1354.8029; 844.91815
830; 844.91815; 901.0943; 1289.619; 844.91815
831; 844.91815; 913.2017; 1354.8029; 844.91815
832; 844.91815; 904.55505; 1297.7538; 844.91815
833; 844.91815; 900.6946; 1354.8029; 844.91815
834; 844.91815; 912.6196; 1344.1343; 844.91815
835; 844.91815; 908.0611; 1344.1343; 844.91815
836; 844.91815; 915.1097; 1372.1375; 844.91815
837; 844.91815; 902.0128; 1372.1375; 844.91815
838; 844.91815; 910.6873; 1339.5015; 844.91815
839; 844.91815; 920.06744; 1372.1375; 844.91815
840; 844.91815; 903.8365; 1354.0076; 844.91815
841; 844.91815; 899.668; 1344.1343; 844.91815
842; 844.91815; 908.6442; 1354.8029; 844.91815
843; 844.91815; 907.95435; 1337.3234; 844.91815
844; 844.91815; 898.7975; 1338.1561; 844.91815
845; 844.91815; 904.3182; 1338.1561; 844.91815
846; 844.91815; 912.5096; 1354.8029; 844.91815
847; 844.91815; 908.3414; 1335.6086; 844.91815
848; 844.91815; 908.77686; 1354.8029; 844.91815
849; 844.91815; 906.7587; 1292.3022; 844.91815
850; 844.91815; 908.24384; 1344.1343; 844.91815
851; 844.91815; 903.60767; 1334.3828; 844.91815
852; 844.91815; 916.4793; 1372.1375; 844.91815
853; 844.91815; 899.5486; 1335.6086; 844.91815
854; 844.91815; 907.52045; 1290.8824; 844.91815
855; 844.91815; 907.28406; 1356.981; 844.91815
856; 844.91815; 902.93414; 1354.8029; 844.91815
857; 844.91815; 910.92676; 1372.1375; 844.91815
858; 844.91815; 902.21625; 1327.4061; 844.91815
859; 844.91815; 899.4118; 1326.6548; 844.91815
860; 844.91815; 909.2033; 1354.8029; 844.91815
861; 844.91815; 908.44745; 1292.3022; 844.91815
862; 844.91815; 913.2267; 1372.1375; 844.91815
863; 844.91815; 911.737; 1354.8029; 844.91815
864; 844.91815; 912.5736; 1321.003; 844.91815
865; 844.91815; 907.5651; 1344.1343; 844.91815
866; 844.91815; 907.07806; 1308.4069; 844.91815
867; 844.91815; 897.66534; 1292.3022; 844.91815
868; 844.91815; 897.9696; 1323.1018; 844.91815
869; 844.91815; 925.8696; 1356.981; 844.91815
870; 844.91815; 915.43555; 1372.1375; 844.91815
871; 844.91815; 907.8044; 1335.6086; 844.91815
872; 844.91815; 901.8605; 1337.3234; 844.91815
873; 844.91815; 905.7328; 1322.7574; 844.91815
874; 844.91815; 910.36664; 1344.1343; 844.91815
875; 844.91815; 911.60364; 1327.4061; 844.91815
876; 844.91815; 906.7103; 1356.981; 844.91815
877; 844.91815; 913.77936; 1354.8029; 844.91815
878; 844.91815; 900.9546; 1316.9033; 844.91815
879; 844.91815; 914.81757; 1356.981; 844.91815
880; 844.91815; 906.3355; 1264.2888; 844.91815
881; 844.91815; 908.3484; 1356.981; 844.91815
882; 844.91815; 908.80994; 1356.981; 844.91815
883; 844.91815; 908.46967; 1356.981; 844.91815
884; 844.91815; 919.7048; 1356.981; 844.91815
885; 844.91815; 905.8217; 1335.6086; 844.91815
886; 844.91815; 897.2133; 1297.7538; 844.91815
887; 844.91815; 914.35693; 1327.4061; 844.91815
888; 844.91815; 908.8171; 1327.4061; 844.91815
889; 844.91815; 899.3614; 1344.1343; 844.91815
890; 844.91815; 910.4075; 1322.7574; 844.91815
891; 844.91815; 909.7588; 1354.8029; 844.91815
892; 844.91815; 910.51373; 1372.1375; 844.91815
893; 844.91815; 906.4052; 1290.8824; 844.91815
894; 844.91815; 914.5235; 1327.4061; 844.91815
895; 844.91815; 912.12897; 1372.1375; 844.91815
896; 844.91815; 916.2209; 1354.8029; 844.91815
897; 844.91815; 911.52576; 1335.6086; 844.91815
898; 844.91815; 911.5913; 1344.1343; 844.91815
899; 844.91815; 903.3585; 1354.0076; 844.91815
900; 844.91815; 912.4703; 1338.1561; 844.91815
901; 844.91815; 901.01935; 1266.5608; 844.91815
902; 844.91815; 907.4887; 1339.5015; 844.91815
903; 844.91815; 905.46405; 1356.981; 844.91815
904; 844.91815; 906.78827; 1356.981; 844.91815
905; 844.91815; 908.25946; 1338.1561; 844.91815
906; 844.91815; 915.11346; 1356.981; 844.91815
907; 844.91815; 908.6238; 1344.1343; 844.91815
908; 844.91815; 906.6466; 1326.6548; 844.91815
909; 844.91815; 905.32056; 1356.981; 844.91815
910; 844.91815; 921.5936; 1337.3234; 844.91815
911; 844.91815; 903.3212; 1326.6548; 844.91815
912; 844.91815; 900.72375; 1322.7574; 844.91815
913; 844.91815; 915.43805; 1356.981; 844.91815
914; 844.91815; 913.8935; 1326.6548; 844.91815
915; 844.91815; 911.3113; 1323.1018; 844.91815
916; 844.91815; 911.90436; 1354.8029; 844.91815
917; 844.91815; 899.505; 1356.981; 844.91815
918; 844.91815; 903.1104; 1240.8989; 844.91815
919; 844.91815; 901.3426; 1321.003; 844.91815
920; 844.91815; 903.10693; 1334.3828; 844.91815
921; 844.91815; 897.0568; 1337.3234; 844.91815
922; 844.91815; 903.99506; 1354.0076; 844.91815
923; 844.91815; 907.86456; 1354.0076; 844.91815
924; 844.91815; 905.9915; 1337.3234; 844.91815
925; 844.91815; 917.63525; 1356.981; 844.91815
926; 844.91815; 906.67975; 1321.003; 844.91815
927; 844.91815; 908.14764; 1372.1375; 844.91815
928; 844.91815; 914.6852; 1326.6548; 844.91815
929; 844.91815; 909.1969; 1356.981; 844.91815
930; 844.91815; 907.77673; 1338.1561; 844.91815
931; 844.91815; 904.49585; 1354.0076; 844.91815
932; 844.91815; 906.7965; 1356.981; 844.91815
933; 844.91815; 894.2147; 1266.9186; 844.91815
934; 844.91815; 896.2856; 1268.785; 844.91815
935; 844.91815; 899.5641; 1280.4556; 844.91815
936; 844.91815; 901.7708; 1323.1018; 844.91815
937; 844.91815; 900.574; 1354.0076; 844.91815
938; 844.91815; 903.316; 1339.5015; 844.91815
939; 844.91815; 901.3035; 1339.5015; 844.91815
940; 844.91815; 907.64874; 1337.3234; 844.91815
941; 844.91815; 915.12665; 1344.1343; 844.91815
942; 844.91815; 905.1222; 1338.1561; 844.91815
943; 844.91815; 912.13135; 1354.0076; 844.91815
944; 844.91815; 910.19415; 1337.3234; 844.91815
945; 844.91815; 900.61523; 1354.0076; 844.91815
946; 844.91815; 900.1097; 1290.9274; 844.91815
947; 844.91815; 908.51263; 1321.003; 844.91815
948; 844.91815; 906.4895; 1339.5015; 844.91815
949; 844.91815; 898.95465; 1280.4556; 844.91815
