0; 1042.7677;1042.7677
1; 1042.7677;1042.7677
2; 995.99365;995.99365
3; 1009.3002;995.99365
4; 1005.0131;995.99365
5; 995.99365;995.99365
6; 995.99365;995.99365
7; 995.99365;995.99365
8; 995.99365;995.99365
9; 995.99365;995.99365
10; 1030.7103;995.99365
11; 995.9937;995.99365
12; 995.99365;995.99365
13; 1024.7424;995.99365
14; 995.99365;995.99365
15; 995.99365;995.99365
16; 997.5924;995.99365
17; 995.9937;995.99365
18; 995.99365;995.99365
19; 989.89276;989.89276
20; 989.89276;989.89276
21; 989.89276;989.89276
22; 1002.7611;989.89276
23; 978.01276;978.01276
24; 973.6241;973.6241
25; 974.5065;973.6241
26; 973.6241;973.6241
27; 992.93463;973.6241
28; 973.6241;973.6241
29; 973.26984;973.26984
30; 992.0137;973.26984
31; 990.8914;973.26984
32; 973.26984;973.26984
33; 973.26984;973.26984
34; 976.3975;973.26984
35; 997.1108;973.26984
36; 968.81244;968.81244
37; 968.81244;968.81244
38; 964.5356;964.5356
39; 964.5356;964.5356
40; 955.0915;955.0915
41; 955.61487;955.0915
42; 983.5286;955.0915
43; 972.28876;955.0915
44; 955.0915;955.0915
45; 967.87445;955.0915
46; 953.60345;953.60345
47; 953.60345;953.60345
48; 954.43646;953.60345
49; 954.12683;953.60345
50; 1046.1442;953.60345
51; 982.0406;953.60345
52; 964.7946;953.60345
53; 953.60333;953.60333
54; 953.60333;953.60333
55; 988.67474;953.60333
56; 962.0661;953.60333
57; 953.60333;953.60333
58; 955.5621;953.60333
59; 953.60333;953.60333
60; 953.7299;953.60333
61; 957.29236;953.60333
62; 953.60333;953.60333
63; 953.60333;953.60333
64; 968.9985;953.60333
65; 940.31085;940.31085
66; 970.1794;940.31085
67; 940.31085;940.31085
68; 948.7736;940.31085
69; 949.3333;940.31085
70; 936.7391;936.7391
71; 936.7391;936.7391
72; 949.52203;936.7391
73; 936.7391;936.7391
74; 952.13416;936.7391
75; 947.8398;936.7391
76; 935.2452;935.2452
77; 1032.5154;935.2452
78; 944.2675;935.2452
79; 935.2452;935.2452
80; 936.90625;935.2452
81; 935.2452;935.2452
82; 935.2452;935.2452
83; 935.2452;935.2452
84; 949.0794;935.2452
85; 938.7717;935.2452
86; 907.4949;907.4949
87; 941.029;907.4949
88; 907.4949;907.4949
89; 909.156;907.4949
90; 907.4949;907.4949
91; 909.4536;907.4949
92; 907.4949;907.4949
93; 1018.02936;907.4949
94; 907.4949;907.4949
95; 907.4949;907.4949
96; 960.5423;907.4949
97; 964.1955;907.4949
98; 907.0744;907.0744
99; 897.57104;897.57104
100; 905.1231;897.57104
101; 897.57104;897.57104
102; 966.96423;897.57104
103; 897.57104;897.57104
104; 897.57104;897.57104
105; 897.57104;897.57104
106; 897.57104;897.57104
107; 897.57104;897.57104
108; 897.5711;897.57104
109; 939.70703;897.57104
110; 918.922;897.57104
111; 927.0252;897.57104
112; 943.89984;897.57104
113; 897.57104;897.57104
114; 897.57104;897.57104
115; 897.57104;897.57104
116; 995.677;897.57104
117; 948.51373;897.57104
118; 899.2322;897.57104
119; 905.1231;897.57104
120; 897.57104;897.57104
121; 897.57104;897.57104
122; 897.5711;897.57104
123; 947.7894;897.57104
124; 929.14514;897.57104
125; 908.4079;897.57104
126; 897.57104;897.57104
127; 897.57104;897.57104
128; 897.6976;897.57104
129; 923.7112;897.57104
130; 897.57104;897.57104
131; 897.57104;897.57104
132; 902.41364;897.57104
133; 891.3097;891.3097
134; 891.3097;891.3097
135; 891.3097;891.3097
136; 891.3097;891.3097
137; 891.3097;891.3097
138; 891.3097;891.3097
139; 902.14655;891.3097
140; 861.34125;861.34125
141; 887.4814;861.34125
142; 861.34125;861.34125
143; 865.49713;861.34125
144; 864.86774;861.34125
145; 914.58075;861.34125
146; 908.03375;861.34125
147; 873.4456;861.34125
148; 914.58075;861.34125
149; 879.2784;861.34125
150; 861.34125;861.34125
151; 861.34125;861.34125
152; 865.49713;861.34125
153; 861.34125;861.34125
154; 861.34125;861.34125
155; 873.4456;861.34125
156; 893.82916;861.34125
157; 861.34125;861.34125
158; 861.34125;861.34125
159; 861.34125;861.34125
160; 861.34125;861.34125
161; 878.8476;861.34125
162; 861.34125;861.34125
163; 861.34125;861.34125
164; 869.3869;861.34125
165; 861.34125;861.34125
166; 969.44244;861.34125
167; 861.34125;861.34125
168; 870.78986;861.34125
169; 861.34125;861.34125
170; 861.34125;861.34125
171; 928.8293;861.34125
172; 894.8753;861.34125
173; 861.34125;861.34125
174; 865.6182;861.34125
175; 861.34125;861.34125
176; 864.86774;861.34125
177; 861.34125;861.34125
178; 861.34125;861.34125
179; 869.804;861.34125
180; 877.5389;861.34125
181; 874.51447;861.34125
182; 861.34125;861.34125
183; 914.58075;861.34125
184; 852.53076;852.53076
185; 863.11316;852.53076
186; 852.53076;852.53076
187; 852.53076;852.53076
188; 898.9367;852.53076
189; 852.53076;852.53076
190; 852.53076;852.53076
191; 878.6709;852.53076
192; 872.401;852.53076
193; 877.92554;852.53076
194; 886.1289;852.53076
195; 852.53076;852.53076
196; 856.0573;852.53076
197; 852.53076;852.53076
198; 965.2823;852.53076
199; 852.53076;852.53076
200; 938.15247;852.53076
201; 852.53076;852.53076
202; 883.0025;852.53076
203; 852.53076;852.53076
204; 898.9367;852.53076
205; 852.53076;852.53076
206; 852.53076;852.53076
207; 856.80774;852.53076
208; 883.11816;852.53076
209; 852.53076;852.53076
210; 852.53076;852.53076
211; 852.53076;852.53076
212; 852.53076;852.53076
213; 856.80774;852.53076
214; 852.53076;852.53076
215; 852.53076;852.53076
216; 852.53076;852.53076
217; 852.53076;852.53076
218; 852.53076;852.53076
219; 852.53076;852.53076
220; 932.8626;852.53076
221; 941.917;852.53076
222; 852.53076;852.53076
223; 871.8124;852.53076
224; 865.30707;852.53076
225; 871.4742;852.53076
226; 860.96246;852.53076
227; 961.3472;852.53076
228; 876.30505;852.53076
229; 903.98486;852.53076
230; 865.30707;852.53076
231; 876.26666;852.53076
232; 873.15344;852.53076
233; 860.0887;852.53076
234; 852.53076;852.53076
235; 869.72815;852.53076
236; 852.53076;852.53076
237; 852.53076;852.53076
238; 868.7284;852.53076
239; 857.79474;852.53076
240; 852.53076;852.53076
241; 886.1289;852.53076
242; 852.53076;852.53076
243; 864.80664;852.53076
244; 874.82294;852.53076
245; 852.53076;852.53076
246; 860.0523;852.53076
247; 852.53076;852.53076
248; 852.53076;852.53076
249; 852.53076;852.53076
250; 852.53076;852.53076
251; 852.53076;852.53076
252; 852.53076;852.53076
253; 852.53076;852.53076
254; 852.53076;852.53076
255; 870.4539;852.53076
256; 852.53076;852.53076
257; 885.0187;852.53076
258; 909.31903;852.53076
259; 852.53076;852.53076
260; 852.53076;852.53076
261; 852.53076;852.53076
262; 852.53076;852.53076
263; 852.53076;852.53076
264; 866.91833;852.53076
265; 852.53076;852.53076
266; 852.53076;852.53076
267; 852.53076;852.53076
268; 883.0025;852.53076
269; 872.02673;852.53076
270; 852.53076;852.53076
271; 852.53076;852.53076
272; 868.68604;852.53076
273; 865.30707;852.53076
274; 938.15247;852.53076
275; 852.53076;852.53076
276; 852.53076;852.53076
277; 852.53076;852.53076
278; 852.53076;852.53076
279; 852.53076;852.53076
280; 870.0372;852.53076
281; 852.53076;852.53076
282; 852.53076;852.53076
283; 852.53076;852.53076
284; 852.53076;852.53076
285; 854.1919;852.53076
286; 860.0887;852.53076
287; 856.0573;852.53076
288; 852.53076;852.53076
289; 852.53076;852.53076
290; 898.85956;852.53076
291; 852.53076;852.53076
292; 852.53076;852.53076
293; 865.30707;852.53076
294; 883.0025;852.53076
295; 880.13074;852.53076
296; 857.79474;852.53076
297; 870.724;852.53076
298; 852.53076;852.53076
299; 852.53076;852.53076
300; 852.53076;852.53076
301; 856.6867;852.53076
302; 852.53076;852.53076
303; 953.9756;852.53076
304; 883.0025;852.53076
305; 852.53076;852.53076
306; 852.53076;852.53076
307; 852.53076;852.53076
308; 852.53076;852.53076
309; 852.53076;852.53076
310; 852.53076;852.53076
311; 926.1617;852.53076
312; 860.0523;852.53076
313; 852.53076;852.53076
314; 852.53076;852.53076
315; 852.53076;852.53076
316; 942.7084;852.53076
317; 854.1919;852.53076
318; 852.53076;852.53076
319; 854.1919;852.53076
320; 947.3178;852.53076
321; 852.5308;852.53076
322; 852.53076;852.53076
323; 852.53076;852.53076
324; 909.31903;852.53076
325; 852.53076;852.53076
326; 878.6709;852.53076
327; 852.53076;852.53076
328; 883.8968;852.53076
329; 870.0372;852.53076
330; 865.70404;852.53076
331; 965.97565;852.53076
332; 878.6709;852.53076
333; 852.53076;852.53076
334; 852.53076;852.53076
335; 852.53076;852.53076
336; 852.53076;852.53076
337; 852.53076;852.53076
338; 852.53076;852.53076
339; 852.53076;852.53076
340; 852.53076;852.53076
341; 864.80664;852.53076
342; 852.53076;852.53076
343; 865.30707;852.53076
344; 894.66675;852.53076
345; 907.38574;852.53076
346; 876.26666;852.53076
347; 852.53076;852.53076
348; 852.53076;852.53076
349; 899.62714;852.53076
350; 918.92;852.53076
351; 852.53076;852.53076
352; 869.72815;852.53076
353; 872.401;852.53076
354; 884.10486;852.53076
355; 852.53076;852.53076
356; 907.38574;852.53076
357; 854.1919;852.53076
358; 864.63513;852.53076
359; 852.53076;852.53076
360; 852.53076;852.53076
361; 926.1617;852.53076
362; 852.53076;852.53076
363; 888.27704;852.53076
364; 852.53076;852.53076
365; 854.1919;852.53076
366; 852.53076;852.53076
367; 852.53076;852.53076
368; 857.70074;852.53076
369; 852.53076;852.53076
370; 852.53076;852.53076
371; 864.63513;852.53076
372; 852.53076;852.53076
373; 909.31903;852.53076
374; 883.20337;852.53076
375; 954.39667;852.53076
376; 890.62494;852.53076
377; 857.79474;852.53076
378; 900.20184;852.53076
379; 852.53076;852.53076
380; 847.0415;847.0415
381; 862.48865;847.0415
382; 847.0415;847.0415
383; 860.2148;847.0415
384; 866.91174;847.0415
385; 851.19745;847.0415
386; 847.0415;847.0415
387; 847.0415;847.0415
388; 883.33215;847.0415
389; 847.0415;847.0415
390; 945.14746;847.0415
391; 872.4363;847.0415
392; 847.0415;847.0415
393; 847.0415;847.0415
394; 856.7359;847.0415
395; 915.0728;847.0415
396; 847.0415;847.0415
397; 847.0415;847.0415
398; 847.0415;847.0415
399; 847.0415;847.0415
400; 866.91174;847.0415
401; 948.3443;847.0415
402; 872.4363;847.0415
403; 938.43207;847.0415
404; 847.0415;847.0415
405; 847.0415;847.0415
406; 882.7878;847.0415
407; 847.0415;847.0415
408; 891.9083;847.0415
409; 857.6239;847.0415
410; 883.33215;847.0415
411; 863.23914;847.0415
412; 847.0415;847.0415
413; 900.0889;847.0415
414; 857.6239;847.0415
415; 847.0415;847.0415
416; 859.1459;847.0415
417; 859.3174;847.0415
418; 847.0415;847.0415
419; 847.0415;847.0415
420; 911.7745;847.0415
421; 847.0415;847.0415
422; 883.33215;847.0415
423; 847.0415;847.0415
424; 923.2963;847.0415
425; 847.0415;847.0415
426; 847.0415;847.0415
427; 864.2389;847.0415
428; 891.7508;847.0415
429; 847.0415;847.0415
430; 947.13165;847.0415
431; 852.3055;847.0415
432; 847.0415;847.0415
433; 847.0415;847.0415
434; 919.40466;847.0415
435; 854.5994;847.0415
436; 847.0415;847.0415
437; 847.0415;847.0415
438; 847.0415;847.0415
439; 864.97864;847.0415
440; 919.40466;847.0415
441; 847.0415;847.0415
442; 847.0415;847.0415
443; 847.35175;847.0415
444; 847.0415;847.0415
445; 874.6415;847.0415
446; 855.5043;847.0415
447; 847.0415;847.0415
448; 956.1263;847.0415
449; 847.0415;847.0415
450; 854.5994;847.0415
451; 847.04156;847.0415
452; 847.0415;847.0415
453; 847.0415;847.0415
454; 847.0415;847.0415
455; 847.0415;847.0415
456; 847.0415;847.0415
457; 883.1522;847.0415
458; 866.5873;847.0415
459; 847.0415;847.0415
460; 847.0415;847.0415
461; 847.0415;847.0415
462; 847.0415;847.0415
463; 847.0415;847.0415
464; 875.9138;847.0415
465; 864.5479;847.0415
466; 851.3185;847.0415
467; 858.02234;847.0415
468; 895.05286;847.0415
469; 874.6415;847.0415
470; 847.0415;847.0415
471; 886.50934;847.0415
472; 854.5994;847.0415
473; 847.0415;847.0415
474; 945.65936;847.0415
475; 847.0415;847.0415
476; 856.7359;847.0415
477; 847.0415;847.0415
478; 847.0415;847.0415
479; 847.0415;847.0415
480; 847.35175;847.0415
481; 847.0415;847.0415
482; 847.0415;847.0415
483; 847.0415;847.0415
484; 847.0415;847.0415
485; 847.0415;847.0415
486; 887.8899;847.0415
487; 886.04565;847.0415
488; 968.0605;847.0415
489; 893.3703;847.0415
490; 847.0415;847.0415
491; 938.43207;847.0415
492; 847.0415;847.0415
493; 847.0415;847.0415
494; 847.04156;847.0415
495; 866.3231;847.0415
496; 860.2148;847.0415
497; 847.0415;847.0415
498; 847.0415;847.0415
499; 847.04156;847.0415
500; 847.0415;847.0415
501; 923.2963;847.0415
502; 856.4902;847.0415
503; 847.0415;847.0415
504; 847.0415;847.0415
505; 847.0415;847.0415
506; 856.7359;847.0415
507; 847.0415;847.0415
508; 911.9877;847.0415
509; 847.0415;847.0415
510; 847.0415;847.0415
511; 944.3117;847.0415
512; 860.2148;847.0415
513; 864.2389;847.0415
514; 847.0415;847.0415
515; 893.8311;847.0415
516; 847.0415;847.0415
517; 847.04156;847.0415
518; 847.0415;847.0415
519; 943.21765;847.0415
520; 847.0415;847.0415
521; 847.0415;847.0415
522; 847.0415;847.0415
523; 873.18164;847.0415
524; 847.0415;847.0415
525; 863.23914;847.0415
526; 873.18164;847.0415
527; 927.37335;847.0415
528; 940.2047;847.0415
529; 847.0415;847.0415
530; 847.0415;847.0415
531; 850.56805;847.0415
532; 847.0415;847.0415
533; 884.36163;847.0415
534; 880.57556;847.0415
535; 847.0415;847.0415
536; 901.6348;847.0415
537; 856.7359;847.0415
538; 978.9084;847.0415
539; 859.8178;847.0415
540; 891.9083;847.0415
541; 847.0415;847.0415
542; 907.2116;847.0415
543; 847.0415;847.0415
544; 847.0415;847.0415
545; 855.5043;847.0415
546; 847.0415;847.0415
547; 850.56805;847.0415
548; 859.3174;847.0415
549; 892.23157;847.0415
550; 847.0415;847.0415
551; 847.0415;847.0415
552; 858.91693;847.0415
553; 847.35175;847.0415
554; 954.2794;847.0415
555; 847.0415;847.0415
556; 866.91174;847.0415
557; 858.91693;847.0415
558; 864.5479;847.0415
559; 882.1555;847.0415
560; 887.8899;847.0415
561; 847.0415;847.0415
562; 847.0415;847.0415
563; 847.0415;847.0415
564; 847.0415;847.0415
565; 847.0415;847.0415
566; 847.0415;847.0415
567; 847.0415;847.0415
568; 847.0415;847.0415
569; 847.0415;847.0415
570; 847.0415;847.0415
571; 919.40466;847.0415
572; 875.9138;847.0415
573; 847.0415;847.0415
574; 847.0415;847.0415
575; 847.0415;847.0415
576; 847.0415;847.0415
577; 847.0415;847.0415
578; 866.5873;847.0415
579; 849.00024;847.0415
580; 859.3174;847.0415
581; 847.0415;847.0415
582; 847.0415;847.0415
583; 847.0415;847.0415
584; 879.5294;847.0415
585; 858.02234;847.0415
586; 928.06915;847.0415
587; 847.0415;847.0415
588; 875.09247;847.0415
589; 847.0415;847.0415
590; 901.6348;847.0415
591; 847.0415;847.0415
592; 847.0415;847.0415
593; 847.0415;847.0415
594; 847.0415;847.0415
595; 968.2208;847.0415
596; 874.6415;847.0415
597; 851.3185;847.0415
598; 847.0415;847.0415
599; 863.23914;847.0415
600; 847.0415;847.0415
601; 864.2389;847.0415
602; 847.0415;847.0415
603; 982.9613;847.0415
604; 847.0415;847.0415
605; 856.4902;847.0415
606; 847.0415;847.0415
607; 847.0415;847.0415
608; 847.0415;847.0415
609; 847.0415;847.0415
610; 879.31915;847.0415
611; 862.48865;847.0415
612; 847.0415;847.0415
613; 847.0415;847.0415
614; 851.3185;847.0415
615; 847.0415;847.0415
616; 858.02234;847.0415
617; 847.0415;847.0415
618; 910.3641;847.0415
619; 847.0415;847.0415
620; 847.0415;847.0415
621; 850.56805;847.0415
622; 847.0415;847.0415
623; 847.0415;847.0415
624; 847.0415;847.0415
625; 847.0415;847.0415
626; 968.01196;847.0415
627; 847.0415;847.0415
628; 847.0415;847.0415
629; 847.0415;847.0415
630; 847.0415;847.0415
631; 941.82855;847.0415
632; 847.0415;847.0415
633; 847.0415;847.0415
634; 859.3174;847.0415
635; 847.0415;847.0415
636; 884.36163;847.0415
637; 948.4863;847.0415
638; 847.0415;847.0415
639; 908.19055;847.0415
640; 871.81616;847.0415
641; 847.0415;847.0415
642; 847.0415;847.0415
643; 882.7878;847.0415
644; 895.05286;847.0415
645; 856.4902;847.0415
646; 863.23914;847.0415
647; 847.0415;847.0415
648; 859.1459;847.0415
649; 847.0415;847.0415
650; 851.19745;847.0415
651; 903.7421;847.0415
652; 847.0415;847.0415
653; 847.0415;847.0415
654; 847.0415;847.0415
655; 851.19745;847.0415
656; 859.3174;847.0415
657; 847.0415;847.0415
658; 864.97864;847.0415
659; 847.0415;847.0415
660; 847.0415;847.0415
661; 849.00024;847.0415
662; 847.0415;847.0415
663; 847.0415;847.0415
664; 865.9849;847.0415
665; 847.0415;847.0415
666; 847.0415;847.0415
667; 847.0415;847.0415
668; 847.0415;847.0415
669; 847.0415;847.0415
670; 847.0415;847.0415
671; 847.0415;847.0415
672; 847.0415;847.0415
673; 857.6239;847.0415
674; 847.0415;847.0415
675; 847.0415;847.0415
676; 968.2208;847.0415
677; 847.0415;847.0415
678; 847.0415;847.0415
679; 923.70245;847.0415
680; 865.9849;847.0415
681; 847.0415;847.0415
682; 867.6642;847.0415
683; 852.3055;847.0415
684; 847.0415;847.0415
685; 847.0415;847.0415
686; 859.3174;847.0415
687; 847.0415;847.0415
688; 847.0415;847.0415
689; 858.91693;847.0415
690; 852.3055;847.0415
691; 847.0415;847.0415
692; 847.0415;847.0415
693; 847.0415;847.0415
694; 858.91693;847.0415
695; 872.4363;847.0415
696; 860.2148;847.0415
697; 866.91174;847.0415
698; 847.0415;847.0415
699; 891.9083;847.0415
700; 847.0415;847.0415
701; 847.0415;847.0415
702; 898.4956;847.0415
703; 866.91174;847.0415
704; 847.0415;847.0415
705; 847.0415;847.0415
706; 847.0415;847.0415
707; 847.0415;847.0415
708; 870.7774;847.0415
709; 847.0415;847.0415
710; 847.0415;847.0415
711; 900.0889;847.0415
712; 852.3055;847.0415
713; 847.04156;847.0415
714; 847.0415;847.0415
715; 863.1968;847.0415
716; 892.23157;847.0415
717; 847.0415;847.0415
718; 847.0415;847.0415
719; 874.2686;847.0415
720; 847.04156;847.0415
721; 898.4956;847.0415
722; 847.0415;847.0415
723; 847.0415;847.0415
724; 847.0415;847.0415
725; 847.0415;847.0415
726; 847.0415;847.0415
727; 945.65936;847.0415
728; 847.0415;847.0415
729; 847.0415;847.0415
730; 863.1968;847.0415
731; 932.89594;847.0415
732; 847.0415;847.0415
733; 847.0415;847.0415
734; 847.0415;847.0415
735; 855.5043;847.0415
736; 847.0415;847.0415
737; 882.1555;847.0415
738; 874.2686;847.0415
739; 847.0415;847.0415
740; 847.0415;847.0415
741; 847.0415;847.0415
742; 856.7359;847.0415
743; 866.5873;847.0415
744; 847.0415;847.0415
745; 910.3641;847.0415
746; 848.70264;847.0415
747; 856.4902;847.0415
748; 858.91693;847.0415
749; 889.1775;847.0415
750; 847.0415;847.0415
751; 847.0415;847.0415
752; 866.91174;847.0415
753; 847.0415;847.0415
754; 872.4363;847.0415
755; 847.0415;847.0415
756; 888.77844;847.0415
757; 851.19745;847.0415
758; 866.3231;847.0415
759; 847.0415;847.0415
760; 882.7878;847.0415
761; 847.0415;847.0415
762; 847.0415;847.0415
763; 847.0415;847.0415
764; 872.4363;847.0415
765; 847.0415;847.0415
766; 847.0415;847.0415
767; 916.6261;847.0415
768; 847.04156;847.0415
769; 847.0415;847.0415
770; 847.0415;847.0415
771; 879.31915;847.0415
772; 926.4797;847.0415
773; 856.4902;847.0415
774; 847.0415;847.0415
775; 847.0415;847.0415
776; 858.02234;847.0415
777; 858.02234;847.0415
778; 847.0415;847.0415
779; 848.70264;847.0415
780; 847.0415;847.0415
781; 847.0415;847.0415
782; 847.0415;847.0415
783; 847.0415;847.0415
784; 847.0415;847.0415
785; 854.5994;847.0415
786; 847.0415;847.0415
787; 847.0415;847.0415
788; 847.35175;847.0415
789; 850.56805;847.0415
790; 847.0415;847.0415
791; 847.0415;847.0415
792; 847.0415;847.0415
793; 847.0415;847.0415
794; 911.9877;847.0415
795; 847.0415;847.0415
796; 847.0415;847.0415
797; 855.5043;847.0415
798; 847.0415;847.0415
799; 847.0415;847.0415
800; 873.18164;847.0415
801; 852.3055;847.0415
802; 866.3231;847.0415
803; 863.1968;847.0415
804; 847.0415;847.0415
805; 848.70264;847.0415
806; 847.0415;847.0415
807; 864.5479;847.0415
808; 847.0415;847.0415
809; 847.0415;847.0415
810; 863.1968;847.0415
811; 930.3772;847.0415
812; 883.33215;847.0415
813; 847.0415;847.0415
814; 847.0415;847.0415
815; 847.0415;847.0415
816; 847.0415;847.0415
817; 847.0415;847.0415
818; 879.5294;847.0415
819; 847.0415;847.0415
820; 847.0415;847.0415
821; 847.0415;847.0415
822; 847.0415;847.0415
823; 927.37335;847.0415
824; 900.0889;847.0415
825; 923.2963;847.0415
826; 847.0415;847.0415
827; 847.0415;847.0415
828; 847.0415;847.0415
829; 847.0415;847.0415
830; 863.23914;847.0415
831; 866.5873;847.0415
832; 864.97864;847.0415
833; 847.0415;847.0415
834; 847.0415;847.0415
835; 864.5479;847.0415
836; 847.0415;847.0415
837; 847.0415;847.0415
838; 847.0415;847.0415
839; 847.0415;847.0415
840; 852.3055;847.0415
841; 847.0415;847.0415
842; 859.1459;847.0415
843; 1008.6536;847.0415
844; 863.23914;847.0415
845; 851.19745;847.0415
846; 847.0415;847.0415
847; 891.7508;847.0415
848; 847.0415;847.0415
849; 867.6642;847.0415
850; 859.1459;847.0415
851; 847.0415;847.0415
852; 918.9145;847.0415
853; 847.0415;847.0415
854; 847.35175;847.0415
855; 847.0415;847.0415
856; 847.35175;847.0415
857; 928.06915;847.0415
858; 866.3231;847.0415
859; 887.8899;847.0415
860; 847.0415;847.0415
861; 873.18164;847.0415
862; 873.18164;847.0415
863; 866.3231;847.0415
864; 847.0415;847.0415
865; 847.0415;847.0415
866; 847.0415;847.0415
867; 847.0415;847.0415
868; 864.2389;847.0415
869; 858.91693;847.0415
870; 847.0415;847.0415
871; 847.0415;847.0415
872; 847.0415;847.0415
873; 847.0415;847.0415
874; 847.0415;847.0415
875; 847.0415;847.0415
876; 847.0415;847.0415
877; 850.56805;847.0415
878; 847.0415;847.0415
879; 847.04156;847.0415
880; 847.0415;847.0415
881; 847.0415;847.0415
882; 851.19745;847.0415
883; 859.1459;847.0415
884; 862.48865;847.0415
885; 860.2148;847.0415
886; 847.0415;847.0415
887; 848.70264;847.0415
888; 865.9849;847.0415
889; 882.7878;847.0415
890; 903.62085;847.0415
891; 847.0415;847.0415
892; 872.4363;847.0415
893; 847.0415;847.0415
894; 858.91693;847.0415
895; 847.0415;847.0415
896; 877.51324;847.0415
897; 847.0415;847.0415
898; 857.6239;847.0415
899; 886.04565;847.0415
900; 847.0415;847.0415
901; 847.0415;847.0415
902; 847.0415;847.0415
903; 889.1775;847.0415
904; 848.70264;847.0415
905; 875.09247;847.0415
906; 859.8178;847.0415
907; 847.0415;847.0415
908; 847.0415;847.0415
909; 847.0415;847.0415
910; 847.0415;847.0415
911; 847.0415;847.0415
912; 924.80023;847.0415
913; 932.6632;847.0415
914; 866.5873;847.0415
915; 848.70264;847.0415
916; 847.0415;847.0415
917; 847.0415;847.0415
918; 893.8311;847.0415
919; 928.06915;847.0415
920; 847.0415;847.0415
921; 847.0415;847.0415
922; 847.0415;847.0415
923; 857.6239;847.0415
924; 923.2963;847.0415
925; 865.9849;847.0415
926; 847.0415;847.0415
927; 847.0415;847.0415
928; 857.6239;847.0415
929; 847.0415;847.0415
930; 873.18164;847.0415
931; 847.0415;847.0415
932; 847.0415;847.0415
933; 847.0415;847.0415
934; 863.23914;847.0415
935; 847.0415;847.0415
936; 882.1555;847.0415
937; 865.9849;847.0415
938; 866.3231;847.0415
939; 847.0415;847.0415
940; 851.3185;847.0415
941; 847.0415;847.0415
942; 847.0415;847.0415
943; 847.0415;847.0415
944; 947.13165;847.0415
945; 847.0415;847.0415
946; 847.0415;847.0415
947; 865.23474;847.0415
948; 847.0415;847.0415
949; 847.0415;847.0415
950; 857.6239;847.0415
951; 910.3641;847.0415
952; 847.0415;847.0415
953; 862.48865;847.0415
954; 904.5393;847.0415
955; 857.6239;847.0415
956; 859.8178;847.0415
957; 847.04156;847.0415
958; 847.0415;847.0415
959; 847.0415;847.0415
960; 847.0415;847.0415
961; 847.0415;847.0415
962; 847.0415;847.0415
963; 847.0415;847.0415
964; 865.23474;847.0415
965; 847.0415;847.0415
966; 859.1459;847.0415
967; 847.0415;847.0415
968; 870.7774;847.0415
969; 847.0415;847.0415
970; 849.00024;847.0415
971; 847.0415;847.0415
972; 847.0415;847.0415
973; 847.0415;847.0415
974; 891.9083;847.0415
975; 870.7774;847.0415
976; 847.0415;847.0415
977; 847.0415;847.0415
978; 847.0415;847.0415
979; 847.0415;847.0415
980; 934.9912;847.0415
981; 968.01196;847.0415
982; 900.0889;847.0415
983; 903.62085;847.0415
984; 847.0415;847.0415
985; 847.0415;847.0415
986; 865.9428;847.0415
987; 847.0415;847.0415
988; 847.0415;847.0415
989; 847.0415;847.0415
990; 886.50934;847.0415
991; 878.6156;847.0415
992; 882.7878;847.0415
993; 898.4956;847.0415
994; 847.0415;847.0415
995; 847.0415;847.0415
996; 866.3231;847.0415
997; 847.0415;847.0415
998; 847.0415;847.0415
999; 860.2148;847.0415
1000; 849.00024;847.0415
1001; 941.82855;847.0415
1002; 856.4902;847.0415
1003; 880.3949;847.0415
1004; 965.4742;847.0415
1005; 864.5479;847.0415
1006; 847.0415;847.0415
1007; 847.0415;847.0415
1008; 883.1522;847.0415
1009; 847.0415;847.0415
1010; 847.0415;847.0415
1011; 858.91693;847.0415
1012; 847.0415;847.0415
1013; 847.0415;847.0415
1014; 847.0415;847.0415
1015; 915.19604;847.0415
1016; 879.5294;847.0415
1017; 847.04156;847.0415
1018; 847.0415;847.0415
1019; 847.0415;847.0415
1020; 867.6642;847.0415
1021; 847.04156;847.0415
1022; 847.0415;847.0415
1023; 910.3641;847.0415
1024; 859.3174;847.0415
1025; 847.0415;847.0415
1026; 847.35175;847.0415
1027; 854.5994;847.0415
1028; 847.0415;847.0415
1029; 851.19745;847.0415
1030; 847.0415;847.0415
1031; 847.0415;847.0415
1032; 847.0415;847.0415
1033; 847.0415;847.0415
1034; 864.97864;847.0415
1035; 847.0415;847.0415
1036; 847.0415;847.0415
1037; 847.0415;847.0415
1038; 847.0415;847.0415
1039; 956.1263;847.0415
1040; 849.00024;847.0415
1041; 852.3055;847.0415
1042; 847.0415;847.0415
1043; 847.35175;847.0415
1044; 847.0415;847.0415
1045; 847.0415;847.0415
1046; 886.04565;847.0415
1047; 847.0415;847.0415
1048; 867.6642;847.0415
1049; 847.0415;847.0415
1050; 859.8178;847.0415
1051; 891.7508;847.0415
1052; 873.18164;847.0415
1053; 847.0415;847.0415
1054; 909.79785;847.0415
1055; 847.0415;847.0415
1056; 847.0415;847.0415
1057; 916.6261;847.0415
1058; 847.0415;847.0415
1059; 847.0415;847.0415
1060; 847.0415;847.0415
1061; 847.0415;847.0415
1062; 872.4363;847.0415
1063; 858.91693;847.0415
1064; 878.6156;847.0415
1065; 859.3174;847.0415
1066; 880.3949;847.0415
1067; 847.0415;847.0415
1068; 847.0415;847.0415
1069; 880.57556;847.0415
1070; 870.7774;847.0415
1071; 910.3641;847.0415
1072; 891.9083;847.0415
1073; 847.0415;847.0415
1074; 847.0415;847.0415
1075; 854.5994;847.0415
1076; 864.2389;847.0415
1077; 880.3949;847.0415
1078; 872.4363;847.0415
1079; 847.0415;847.0415
1080; 847.0415;847.0415
1081; 855.5043;847.0415
1082; 847.0415;847.0415
1083; 847.0415;847.0415
1084; 847.0415;847.0415
1085; 847.0415;847.0415
1086; 859.1459;847.0415
1087; 879.31915;847.0415
1088; 847.0415;847.0415
1089; 880.3949;847.0415
1090; 886.04565;847.0415
1091; 864.97864;847.0415
1092; 847.0415;847.0415
1093; 847.0415;847.0415
1094; 865.9849;847.0415
1095; 852.3055;847.0415
1096; 864.2389;847.0415
1097; 891.7508;847.0415
1098; 872.4363;847.0415
1099; 864.5479;847.0415
1100; 938.0035;847.0415
1101; 848.70264;847.0415
1102; 847.0415;847.0415
1103; 847.0415;847.0415
1104; 868.4908;847.0415
1105; 847.0415;847.0415
1106; 855.5043;847.0415
1107; 847.0415;847.0415
1108; 847.0415;847.0415
1109; 847.0415;847.0415
1110; 908.19055;847.0415
1111; 847.0415;847.0415
1112; 847.0415;847.0415
1113; 847.0415;847.0415
1114; 901.6348;847.0415
1115; 948.83356;847.0415
1116; 847.0415;847.0415
1117; 856.7359;847.0415
1118; 858.91693;847.0415
1119; 847.0415;847.0415
1120; 856.4902;847.0415
1121; 894.7126;847.0415
1122; 847.0415;847.0415
1123; 847.0415;847.0415
1124; 883.33215;847.0415
1125; 847.0415;847.0415
1126; 847.0415;847.0415
1127; 865.9849;847.0415
1128; 870.7774;847.0415
1129; 906.1984;847.0415
1130; 880.3949;847.0415
1131; 847.0415;847.0415
1132; 847.0415;847.0415
1133; 867.6642;847.0415
1134; 879.31915;847.0415
1135; 866.5873;847.0415
1136; 851.3185;847.0415
1137; 851.3185;847.0415
1138; 847.0415;847.0415
1139; 857.6239;847.0415
1140; 847.0415;847.0415
1141; 847.0415;847.0415
1142; 847.0415;847.0415
1143; 848.70264;847.0415
1144; 884.6245;847.0415
1145; 932.8075;847.0415
1146; 903.7421;847.0415
1147; 847.0415;847.0415
1148; 911.7745;847.0415
1149; 883.33215;847.0415
1150; 911.9877;847.0415
1151; 938.04987;847.0415
1152; 847.0415;847.0415
1153; 847.0415;847.0415
1154; 852.3055;847.0415
1155; 847.0415;847.0415
1156; 864.2389;847.0415
1157; 854.5994;847.0415
1158; 847.0415;847.0415
1159; 847.0415;847.0415
1160; 862.48865;847.0415
1161; 847.0415;847.0415
1162; 847.0415;847.0415
1163; 865.9428;847.0415
1164; 847.0415;847.0415
1165; 879.31915;847.0415
1166; 847.04156;847.0415
1167; 857.6239;847.0415
1168; 847.0415;847.0415
1169; 859.1459;847.0415
1170; 847.0415;847.0415
1171; 847.0415;847.0415
1172; 887.8899;847.0415
1173; 847.0415;847.0415
1174; 847.0415;847.0415
1175; 847.0415;847.0415
1176; 847.0415;847.0415
1177; 847.0415;847.0415
1178; 847.0415;847.0415
1179; 847.0415;847.0415
1180; 860.2148;847.0415
1181; 847.0415;847.0415
1182; 847.0415;847.0415
1183; 847.0415;847.0415
1184; 859.1459;847.0415
1185; 856.4902;847.0415
1186; 847.0415;847.0415
1187; 847.0415;847.0415
1188; 847.0415;847.0415
1189; 856.4902;847.0415
1190; 856.7359;847.0415
1191; 847.0415;847.0415
1192; 847.0415;847.0415
1193; 874.2686;847.0415
1194; 847.0415;847.0415
1195; 847.0415;847.0415
1196; 847.0415;847.0415
1197; 849.00024;847.0415
1198; 847.0415;847.0415
1199; 847.0415;847.0415
1200; 847.0415;847.0415
1201; 889.1775;847.0415
1202; 879.5294;847.0415
1203; 865.23474;847.0415
1204; 847.0415;847.0415
1205; 847.0415;847.0415
1206; 847.0415;847.0415
1207; 875.9138;847.0415
1208; 932.8075;847.0415
1209; 875.9138;847.0415
1210; 847.0415;847.0415
1211; 847.0415;847.0415
1212; 1013.09814;847.0415
1213; 847.0415;847.0415
1214; 858.91693;847.0415
1215; 847.0415;847.0415
1216; 847.0415;847.0415
1217; 900.0889;847.0415
1218; 847.0415;847.0415
1219; 847.0415;847.0415
1220; 851.19745;847.0415
1221; 847.0415;847.0415
1222; 852.3055;847.0415
1223; 847.0415;847.0415
1224; 847.0415;847.0415
1225; 873.18164;847.0415
1226; 880.57556;847.0415
1227; 863.23914;847.0415
1228; 847.0415;847.0415
1229; 847.0415;847.0415
1230; 847.0415;847.0415
1231; 977.3433;847.0415
1232; 847.0415;847.0415
1233; 847.0415;847.0415
1234; 847.0415;847.0415
1235; 850.56805;847.0415
1236; 875.09247;847.0415
1237; 847.0415;847.0415
1238; 847.0415;847.0415
1239; 930.3772;847.0415
1240; 847.0415;847.0415
1241; 847.0415;847.0415
1242; 847.0415;847.0415
1243; 847.0415;847.0415
1244; 847.0415;847.0415
1245; 847.0415;847.0415
1246; 969.1069;847.0415
1247; 880.57556;847.0415
1248; 858.02234;847.0415
1249; 868.4908;847.0415
1250; 866.5873;847.0415
1251; 866.91174;847.0415
1252; 847.0415;847.0415
1253; 847.0415;847.0415
1254; 908.19055;847.0415
1255; 847.0415;847.0415
1256; 865.9428;847.0415
1257; 847.0415;847.0415
1258; 893.8311;847.0415
1259; 911.7745;847.0415
1260; 883.33215;847.0415
1261; 984.87933;847.0415
1262; 847.0415;847.0415
1263; 873.18164;847.0415
1264; 847.0415;847.0415
1265; 863.23914;847.0415
1266; 847.0415;847.0415
1267; 866.3231;847.0415
1268; 860.2148;847.0415
1269; 857.6239;847.0415
1270; 847.0415;847.0415
1271; 923.2963;847.0415
1272; 874.2686;847.0415
1273; 847.0415;847.0415
1274; 847.0415;847.0415
1275; 859.3174;847.0415
1276; 859.8178;847.0415
1277; 847.0415;847.0415
1278; 847.04156;847.0415
1279; 882.7878;847.0415
1280; 847.0415;847.0415
1281; 847.0415;847.0415
1282; 865.23474;847.0415
1283; 847.0415;847.0415
1284; 915.19604;847.0415
1285; 874.6415;847.0415
1286; 875.9138;847.0415
1287; 847.0415;847.0415
1288; 877.51324;847.0415
1289; 847.0415;847.0415
1290; 847.0415;847.0415
1291; 863.23914;847.0415
1292; 953.866;847.0415
1293; 847.0415;847.0415
1294; 852.3055;847.0415
1295; 886.04565;847.0415
1296; 847.0415;847.0415
1297; 847.0415;847.0415
1298; 847.0415;847.0415
1299; 855.5043;847.0415
1300; 893.3703;847.0415
1301; 847.0415;847.0415
1302; 847.0415;847.0415
1303; 847.0415;847.0415
1304; 847.0415;847.0415
1305; 847.0415;847.0415
1306; 879.5294;847.0415
1307; 953.866;847.0415
1308; 847.0415;847.0415
1309; 857.6239;847.0415
1310; 863.1968;847.0415
1311; 847.0415;847.0415
1312; 875.09247;847.0415
1313; 863.1968;847.0415
1314; 847.35175;847.0415
1315; 847.35175;847.0415
1316; 948.27325;847.0415
1317; 882.7878;847.0415
1318; 852.3055;847.0415
1319; 903.47034;847.0415
1320; 886.04565;847.0415
1321; 847.0415;847.0415
1322; 900.0889;847.0415
1323; 887.8899;847.0415
1324; 847.0415;847.0415
1325; 927.5885;847.0415
1326; 847.0415;847.0415
1327; 847.0415;847.0415
1328; 847.0415;847.0415
1329; 847.0415;847.0415
1330; 865.9849;847.0415
1331; 847.0415;847.0415
1332; 847.0415;847.0415
1333; 879.5294;847.0415
1334; 859.8178;847.0415
1335; 847.0415;847.0415
1336; 880.63965;847.0415
1337; 847.0415;847.0415
1338; 847.0415;847.0415
1339; 847.0415;847.0415
1340; 866.5873;847.0415
1341; 968.2208;847.0415
1342; 847.0415;847.0415
1343; 847.0415;847.0415
1344; 863.1968;847.0415
1345; 847.0415;847.0415
1346; 847.0415;847.0415
1347; 867.6642;847.0415
1348; 891.9083;847.0415
1349; 847.0415;847.0415
1350; 847.0415;847.0415
1351; 847.0415;847.0415
1352; 859.1459;847.0415
1353; 943.21765;847.0415
1354; 856.4902;847.0415
1355; 867.6642;847.0415
1356; 866.5873;847.0415
1357; 888.77844;847.0415
1358; 847.0415;847.0415
1359; 847.0415;847.0415
1360; 847.0415;847.0415
1361; 847.0415;847.0415
1362; 915.0728;847.0415
1363; 856.4902;847.0415
1364; 847.0415;847.0415
1365; 847.0415;847.0415
1366; 880.3949;847.0415
1367; 886.04565;847.0415
1368; 847.0415;847.0415
1369; 847.0415;847.0415
1370; 848.70264;847.0415
1371; 847.0415;847.0415
1372; 847.0415;847.0415
1373; 854.5994;847.0415
1374; 916.6261;847.0415
1375; 847.04156;847.0415
1376; 863.23914;847.0415
1377; 847.0415;847.0415
1378; 900.281;847.0415
1379; 865.9428;847.0415
1380; 847.0415;847.0415
1381; 847.0415;847.0415
1382; 847.0415;847.0415
1383; 859.3174;847.0415
1384; 847.0415;847.0415
1385; 847.0415;847.0415
1386; 847.0415;847.0415
1387; 847.0415;847.0415
1388; 847.0415;847.0415
1389; 873.18164;847.0415
1390; 847.0415;847.0415
1391; 880.57556;847.0415
1392; 866.91174;847.0415
1393; 847.0415;847.0415
1394; 847.0415;847.0415
1395; 847.0415;847.0415
1396; 865.9428;847.0415
1397; 847.0415;847.0415
1398; 879.5294;847.0415
1399; 944.3117;847.0415
1400; 847.0415;847.0415
1401; 948.3443;847.0415
1402; 847.0415;847.0415
1403; 923.70245;847.0415
1404; 875.9138;847.0415
1405; 847.0415;847.0415
1406; 847.0415;847.0415
1407; 847.0415;847.0415
1408; 847.0415;847.0415
1409; 847.0415;847.0415
1410; 847.0415;847.0415
1411; 847.0415;847.0415
1412; 847.0415;847.0415
1413; 847.0415;847.0415
1414; 847.0415;847.0415
1415; 849.00024;847.0415
1416; 847.0415;847.0415
1417; 847.0415;847.0415
1418; 856.4902;847.0415
1419; 847.0415;847.0415
1420; 847.0415;847.0415
1421; 858.02234;847.0415
1422; 847.0415;847.0415
1423; 847.0415;847.0415
1424; 847.0415;847.0415
1425; 889.1775;847.0415
1426; 847.0415;847.0415
1427; 847.0415;847.0415
1428; 848.70264;847.0415
1429; 848.70264;847.0415
1430; 847.0415;847.0415
1431; 847.0415;847.0415
1432; 847.0415;847.0415
1433; 847.0415;847.0415
1434; 847.0415;847.0415
1435; 863.23914;847.0415
1436; 847.0415;847.0415
1437; 847.0415;847.0415
1438; 847.0415;847.0415
1439; 875.09247;847.0415
1440; 858.91693;847.0415
1441; 875.9138;847.0415
1442; 847.0415;847.0415
1443; 847.0415;847.0415
1444; 863.1968;847.0415
1445; 847.0415;847.0415
1446; 856.7359;847.0415
1447; 847.0415;847.0415
1448; 859.1459;847.0415
1449; 879.31915;847.0415
1450; 847.0415;847.0415
1451; 867.6642;847.0415
1452; 847.0415;847.0415
1453; 847.0415;847.0415
1454; 847.0415;847.0415
1455; 867.6642;847.0415
1456; 847.0415;847.0415
1457; 847.0415;847.0415
1458; 970.56;847.0415
1459; 864.2389;847.0415
1460; 847.0415;847.0415
1461; 847.04156;847.0415
1462; 1005.98224;847.0415
1463; 900.281;847.0415
1464; 854.5994;847.0415
1465; 847.0415;847.0415
1466; 858.02234;847.0415
1467; 847.0415;847.0415
1468; 847.0415;847.0415
1469; 851.19745;847.0415
1470; 847.0415;847.0415
1471; 847.0415;847.0415
1472; 847.0415;847.0415
1473; 852.3055;847.0415
1474; 847.0415;847.0415
1475; 848.70264;847.0415
1476; 864.97864;847.0415
1477; 878.6156;847.0415
1478; 847.0415;847.0415
1479; 847.0415;847.0415
1480; 863.23914;847.0415
1481; 847.0415;847.0415
1482; 887.8899;847.0415
1483; 847.0415;847.0415
1484; 847.0415;847.0415
1485; 910.3641;847.0415
1486; 847.0415;847.0415
1487; 847.0415;847.0415
1488; 880.63965;847.0415
1489; 847.0415;847.0415
1490; 847.0415;847.0415
1491; 893.3703;847.0415
1492; 847.0415;847.0415
1493; 847.0415;847.0415
1494; 847.0415;847.0415
1495; 872.4363;847.0415
1496; 859.8178;847.0415
1497; 847.0415;847.0415
1498; 847.0415;847.0415
1499; 884.36163;847.0415
1500; 847.0415;847.0415
1501; 847.0415;847.0415
1502; 847.0415;847.0415
1503; 847.0415;847.0415
1504; 847.0415;847.0415
1505; 847.0415;847.0415
1506; 847.0415;847.0415
1507; 847.0415;847.0415
1508; 852.3055;847.0415
1509; 847.0415;847.0415
1510; 847.0415;847.0415
1511; 847.0415;847.0415
1512; 847.0415;847.0415
1513; 847.0415;847.0415
1514; 847.0415;847.0415
1515; 847.0415;847.0415
1516; 874.6415;847.0415
1517; 847.0415;847.0415
1518; 847.0415;847.0415
1519; 847.0415;847.0415
1520; 851.19745;847.0415
1521; 850.56805;847.0415
1522; 847.0415;847.0415
1523; 847.0415;847.0415
1524; 847.0415;847.0415
1525; 847.0415;847.0415
1526; 847.0415;847.0415
1527; 857.6239;847.0415
1528; 847.0415;847.0415
1529; 875.9138;847.0415
1530; 864.5479;847.0415
1531; 856.4902;847.0415
1532; 847.0415;847.0415
1533; 858.02234;847.0415
1534; 856.4902;847.0415
1535; 847.0415;847.0415
1536; 847.0415;847.0415
1537; 867.6642;847.0415
1538; 847.0415;847.0415
1539; 866.91174;847.0415
1540; 847.0415;847.0415
1541; 847.0415;847.0415
1542; 891.9083;847.0415
1543; 847.0415;847.0415
1544; 882.7878;847.0415
1545; 847.0415;847.0415
1546; 847.0415;847.0415
1547; 852.3055;847.0415
1548; 847.0415;847.0415
1549; 847.0415;847.0415
1550; 864.2389;847.0415
1551; 847.0415;847.0415
1552; 927.5885;847.0415
1553; 886.50934;847.0415
1554; 849.00024;847.0415
1555; 880.63965;847.0415
1556; 872.4363;847.0415
1557; 882.7878;847.0415
1558; 875.9138;847.0415
1559; 923.2963;847.0415
1560; 847.0415;847.0415
1561; 859.3174;847.0415
1562; 847.0415;847.0415
1563; 847.0415;847.0415
1564; 908.19055;847.0415
1565; 847.0415;847.0415
1566; 847.0415;847.0415
1567; 849.00024;847.0415
1568; 909.79785;847.0415
1569; 847.0415;847.0415
1570; 847.0415;847.0415
1571; 946.444;847.0415
1572; 909.4985;847.0415
1573; 848.70264;847.0415
1574; 863.1968;847.0415
1575; 847.0415;847.0415
1576; 860.2148;847.0415
1577; 847.0415;847.0415
1578; 863.1968;847.0415
1579; 887.8899;847.0415
1580; 847.0415;847.0415
1581; 880.57556;847.0415
1582; 973.0086;847.0415
1583; 851.3185;847.0415
1584; 878.6156;847.0415
1585; 884.6245;847.0415
1586; 847.0415;847.0415
1587; 847.0415;847.0415
1588; 930.3772;847.0415
1589; 847.0415;847.0415
1590; 874.2686;847.0415
1591; 906.1984;847.0415
1592; 847.0415;847.0415
1593; 849.00024;847.0415
1594; 847.0415;847.0415
1595; 847.04156;847.0415
1596; 880.57556;847.0415
1597; 852.3055;847.0415
1598; 856.7359;847.0415
1599; 847.0415;847.0415
1600; 847.0415;847.0415
1601; 879.5294;847.0415
1602; 860.2148;847.0415
1603; 847.0415;847.0415
1604; 866.3231;847.0415
1605; 847.0415;847.0415
1606; 847.0415;847.0415
1607; 847.0415;847.0415
1608; 847.0415;847.0415
1609; 909.4985;847.0415
1610; 852.3055;847.0415
1611; 847.0415;847.0415
1612; 900.0889;847.0415
1613; 847.0415;847.0415
1614; 883.33215;847.0415
1615; 849.00024;847.0415
1616; 847.0415;847.0415
1617; 892.23157;847.0415
1618; 858.02234;847.0415
1619; 847.0415;847.0415
1620; 847.0415;847.0415
1621; 850.56805;847.0415
1622; 879.5294;847.0415
1623; 847.0415;847.0415
1624; 948.27325;847.0415
1625; 847.0415;847.0415
1626; 851.19745;847.0415
1627; 880.57556;847.0415
1628; 848.70264;847.0415
1629; 865.9849;847.0415
1630; 847.0415;847.0415
1631; 847.0415;847.0415
1632; 847.0415;847.0415
1633; 847.0415;847.0415
1634; 847.0415;847.0415
1635; 847.0415;847.0415
1636; 888.77844;847.0415
1637; 847.0415;847.0415
1638; 893.8311;847.0415
1639; 849.00024;847.0415
1640; 943.21765;847.0415
1641; 847.0415;847.0415
1642; 847.0415;847.0415
1643; 860.2148;847.0415
1644; 850.56805;847.0415
1645; 847.0415;847.0415
1646; 893.3703;847.0415
1647; 847.0415;847.0415
1648; 856.4902;847.0415
1649; 847.0415;847.0415
1650; 854.5994;847.0415
1651; 848.70264;847.0415
1652; 847.0415;847.0415
1653; 847.0415;847.0415
1654; 847.0415;847.0415
1655; 969.8936;847.0415
1656; 887.8899;847.0415
1657; 847.0415;847.0415
1658; 860.2148;847.0415
1659; 855.5043;847.0415
1660; 847.0415;847.0415
1661; 883.1522;847.0415
1662; 866.3231;847.0415
1663; 847.0415;847.0415
1664; 851.19745;847.0415
1665; 847.0415;847.0415
1666; 859.8178;847.0415
1667; 882.1555;847.0415
1668; 847.0415;847.0415
1669; 847.0415;847.0415
1670; 847.0415;847.0415
1671; 847.0415;847.0415
1672; 847.0415;847.0415
1673; 847.0415;847.0415
1674; 847.0415;847.0415
1675; 856.7359;847.0415
1676; 878.6156;847.0415
1677; 847.0415;847.0415
1678; 847.0415;847.0415
1679; 847.04156;847.0415
1680; 847.0415;847.0415
1681; 883.1522;847.0415
1682; 911.9877;847.0415
1683; 889.1775;847.0415
1684; 894.7126;847.0415
1685; 847.0415;847.0415
1686; 857.6239;847.0415
1687; 883.1522;847.0415
1688; 859.8178;847.0415
1689; 915.19604;847.0415
1690; 859.8178;847.0415
1691; 864.2389;847.0415
1692; 915.19604;847.0415
1693; 854.5994;847.0415
1694; 847.0415;847.0415
1695; 893.3703;847.0415
1696; 847.0415;847.0415
1697; 857.6239;847.0415
1698; 932.8075;847.0415
1699; 859.1459;847.0415
1700; 903.7421;847.0415
1701; 859.3174;847.0415
1702; 872.4363;847.0415
1703; 847.0415;847.0415
1704; 862.48865;847.0415
1705; 864.2389;847.0415
1706; 860.2148;847.0415
1707; 847.0415;847.0415
1708; 866.5873;847.0415
1709; 858.91693;847.0415
1710; 847.0415;847.0415
1711; 878.6156;847.0415
1712; 848.70264;847.0415
1713; 847.0415;847.0415
1714; 847.0415;847.0415
1715; 847.0415;847.0415
1716; 847.0415;847.0415
1717; 864.5479;847.0415
1718; 865.23474;847.0415
1719; 898.4956;847.0415
1720; 847.0415;847.0415
1721; 847.0415;847.0415
1722; 847.0415;847.0415
1723; 849.00024;847.0415
1724; 859.3174;847.0415
1725; 847.0415;847.0415
1726; 847.0415;847.0415
1727; 883.33215;847.0415
1728; 847.0415;847.0415
1729; 863.23914;847.0415
1730; 847.0415;847.0415
1731; 847.0415;847.0415
1732; 847.0415;847.0415
1733; 894.1379;847.0415
1734; 847.0415;847.0415
1735; 847.0415;847.0415
1736; 851.19745;847.0415
1737; 847.0415;847.0415
1738; 850.56805;847.0415
1739; 932.6632;847.0415
1740; 847.0415;847.0415
1741; 859.8178;847.0415
1742; 847.0415;847.0415
1743; 847.0415;847.0415
1744; 847.0415;847.0415
1745; 851.3185;847.0415
1746; 847.0415;847.0415
1747; 870.7774;847.0415
1748; 852.3055;847.0415
1749; 847.0415;847.0415
1750; 847.0415;847.0415
1751; 848.70264;847.0415
1752; 847.0415;847.0415
1753; 847.0415;847.0415
1754; 847.0415;847.0415
1755; 847.0415;847.0415
1756; 891.9083;847.0415
1757; 847.35175;847.0415
1758; 893.8311;847.0415
1759; 900.281;847.0415
1760; 862.48865;847.0415
1761; 848.70264;847.0415
1762; 849.00024;847.0415
1763; 864.97864;847.0415
1764; 847.0415;847.0415
1765; 851.19745;847.0415
1766; 854.5994;847.0415
1767; 864.2389;847.0415
1768; 864.5479;847.0415
1769; 848.70264;847.0415
1770; 847.0415;847.0415
1771; 915.19604;847.0415
1772; 847.0415;847.0415
1773; 847.0415;847.0415
1774; 847.0415;847.0415
1775; 852.3055;847.0415
1776; 847.0415;847.0415
1777; 847.0415;847.0415
1778; 847.0415;847.0415
1779; 866.5873;847.0415
1780; 847.0415;847.0415
1781; 847.0415;847.0415
1782; 847.0415;847.0415
1783; 875.09247;847.0415
1784; 847.0415;847.0415
1785; 847.0415;847.0415
1786; 904.5393;847.0415
1787; 894.1379;847.0415
1788; 847.0415;847.0415
1789; 858.91693;847.0415
1790; 873.18164;847.0415
1791; 847.0415;847.0415
1792; 847.0415;847.0415
1793; 847.0415;847.0415
1794; 865.23474;847.0415
1795; 910.3641;847.0415
1796; 847.0415;847.0415
1797; 944.3117;847.0415
1798; 859.1459;847.0415
1799; 851.19745;847.0415
1800; 847.0415;847.0415
1801; 934.9912;847.0415
1802; 847.0415;847.0415
1803; 847.0415;847.0415
1804; 866.3231;847.0415
1805; 847.0415;847.0415
1806; 851.3185;847.0415
1807; 904.5393;847.0415
1808; 847.0415;847.0415
1809; 847.0415;847.0415
1810; 871.81616;847.0415
1811; 870.7774;847.0415
1812; 938.43207;847.0415
1813; 875.09247;847.0415
1814; 847.0415;847.0415
1815; 847.0415;847.0415
1816; 847.0415;847.0415
1817; 847.0415;847.0415
1818; 875.9138;847.0415
1819; 879.5294;847.0415
1820; 847.0415;847.0415
1821; 893.3703;847.0415
1822; 938.43207;847.0415
1823; 847.0415;847.0415
1824; 847.0415;847.0415
1825; 847.0415;847.0415
1826; 856.7359;847.0415
1827; 874.2686;847.0415
1828; 865.9849;847.0415
1829; 863.1968;847.0415
1830; 906.1984;847.0415
1831; 875.9138;847.0415
1832; 847.0415;847.0415
1833; 851.19745;847.0415
1834; 847.0415;847.0415
1835; 891.9083;847.0415
1836; 895.05286;847.0415
1837; 999.7277;847.0415
1838; 880.57556;847.0415
1839; 847.0415;847.0415
1840; 852.3055;847.0415
1841; 847.0415;847.0415
1842; 866.5873;847.0415
1843; 847.0415;847.0415
1844; 847.04156;847.0415
1845; 865.9428;847.0415
1846; 900.0889;847.0415
1847; 847.0415;847.0415
1848; 847.0415;847.0415
1849; 848.70264;847.0415
1850; 894.1379;847.0415
1851; 880.63965;847.0415
1852; 847.0415;847.0415
1853; 847.0415;847.0415
1854; 847.0415;847.0415
1855; 863.1968;847.0415
1856; 901.8965;847.0415
1857; 923.2963;847.0415
1858; 956.0222;847.0415
1859; 847.0415;847.0415
1860; 858.91693;847.0415
1861; 901.8965;847.0415
1862; 884.6245;847.0415
1863; 882.7878;847.0415
1864; 847.0415;847.0415
1865; 847.0415;847.0415
1866; 847.0415;847.0415
1867; 847.0415;847.0415
1868; 847.0415;847.0415
1869; 847.0415;847.0415
1870; 862.48865;847.0415
1871; 872.4363;847.0415
1872; 847.0415;847.0415
1873; 847.0415;847.0415
1874; 847.0415;847.0415
1875; 847.0415;847.0415
1876; 863.1968;847.0415
1877; 847.0415;847.0415
1878; 847.0415;847.0415
1879; 847.0415;847.0415
1880; 880.3949;847.0415
1881; 848.70264;847.0415
1882; 847.0415;847.0415
1883; 901.8965;847.0415
1884; 847.0415;847.0415
1885; 847.0415;847.0415
1886; 858.02234;847.0415
1887; 877.51324;847.0415
1888; 878.6156;847.0415
1889; 847.0415;847.0415
1890; 847.0415;847.0415
1891; 847.0415;847.0415
1892; 858.91693;847.0415
1893; 847.0415;847.0415
1894; 847.0415;847.0415
1895; 847.0415;847.0415
1896; 847.04156;847.0415
1897; 847.0415;847.0415
1898; 900.281;847.0415
1899; 856.7359;847.0415
1900; 882.1555;847.0415
1901; 847.0415;847.0415
1902; 847.0415;847.0415
1903; 847.0415;847.0415
1904; 863.1968;847.0415
1905; 847.0415;847.0415
1906; 847.0415;847.0415
1907; 875.9138;847.0415
1908; 870.7774;847.0415
1909; 847.0415;847.0415
1910; 855.5043;847.0415
1911; 847.0415;847.0415
1912; 847.0415;847.0415
1913; 877.51324;847.0415
1914; 847.0415;847.0415
1915; 906.1984;847.0415
1916; 859.1459;847.0415
1917; 847.0415;847.0415
1918; 889.1775;847.0415
1919; 879.31915;847.0415
1920; 847.0415;847.0415
1921; 847.0415;847.0415
1922; 847.0415;847.0415
1923; 884.36163;847.0415
1924; 847.0415;847.0415
1925; 847.0415;847.0415
1926; 847.0415;847.0415
1927; 847.0415;847.0415
1928; 866.3231;847.0415
1929; 847.0415;847.0415
1930; 847.0415;847.0415
1931; 880.57556;847.0415
1932; 864.97864;847.0415
1933; 856.7359;847.0415
1934; 847.0415;847.0415
1935; 945.14746;847.0415
1936; 847.0415;847.0415
1937; 847.0415;847.0415
1938; 924.7302;847.0415
1939; 872.4363;847.0415
1940; 847.0415;847.0415
1941; 847.0415;847.0415
1942; 865.9849;847.0415
1943; 847.0415;847.0415
1944; 857.6239;847.0415
1945; 852.3055;847.0415
1946; 873.18164;847.0415
1947; 891.7508;847.0415
1948; 847.0415;847.0415
1949; 886.04565;847.0415
1950; 864.5479;847.0415
1951; 847.0415;847.0415
1952; 879.5294;847.0415
1953; 847.0415;847.0415
1954; 858.91693;847.0415
1955; 847.0415;847.0415
1956; 879.31915;847.0415
1957; 847.0415;847.0415
1958; 847.0415;847.0415
1959; 847.0415;847.0415
1960; 847.0415;847.0415
1961; 847.0415;847.0415
1962; 847.0415;847.0415
1963; 859.3174;847.0415
1964; 874.2686;847.0415
1965; 874.6415;847.0415
1966; 859.8178;847.0415
1967; 847.0415;847.0415
1968; 847.0415;847.0415
1969; 854.5994;847.0415
1970; 871.81616;847.0415
1971; 847.0415;847.0415
1972; 874.2686;847.0415
1973; 847.0415;847.0415
1974; 903.62085;847.0415
1975; 847.35175;847.0415
1976; 847.0415;847.0415
1977; 866.3231;847.0415
1978; 865.9849;847.0415
1979; 847.0415;847.0415
1980; 847.0415;847.0415
1981; 847.0415;847.0415
1982; 893.3703;847.0415
1983; 847.0415;847.0415
1984; 865.9428;847.0415
1985; 858.02234;847.0415
1986; 847.0415;847.0415
1987; 847.0415;847.0415
1988; 886.50934;847.0415
1989; 856.4902;847.0415
1990; 847.0415;847.0415
1991; 847.0415;847.0415
1992; 847.0415;847.0415
1993; 859.3174;847.0415
1994; 847.0415;847.0415
1995; 871.81616;847.0415
1996; 847.0415;847.0415
1997; 847.0415;847.0415
1998; 851.19745;847.0415
1999; 847.0415;847.0415
